City,Year,Quarter,index_nsa,Median Household Income,Total Population,INDPRO,VIXCLS,CPI,Unemployment Rate,City GDP
Chicago,1990,1,83.83,26301.0,2784000.0,62.1073,22.1684375,5.397953510284424,6.6000000000000005,111637781.52416313
Chicago,1990,2,84.81,26301.0,2784000.0,62.54476666666667,18.735384615384614,5.397953510284424,6.3999999999999995,114954523.11638534
Chicago,1990,3,85.8,26301.0,2784000.0,62.79926666666666,25.13446153846154,5.397953510284424,6.466666666666666,117046804.55090547
Chicago,1990,4,85.87,26301.0,2784000.0,61.83443333333333,26.005909090909093,5.397953510284424,6.133333333333333,116652450.82351255
Chicago,1991,1,86.95,26584.1,2784500.0,60.673399999999994,22.42734375,4.2349629402160645,7.166666666666667,117896180.46704328
Chicago,1991,2,87.74,26867.2,2785000.0,61.020833333333336,17.120923076923077,4.2349629402160645,7.133333333333333,121465810.90146458
Chicago,1991,3,88.48,27150.3,2785500.0,61.8953,16.651742424242425,4.2349629402160645,7.3,124556542.54471791
Chicago,1991,4,89.77,27433.4,2786000.0,62.0224,17.465833333333332,4.2349629402160645,8.033333333333333,126869733.06236315
Chicago,1992,1,90.52,27716.5,2787000.0,61.94726666666667,17.589307692307692,3.028822660446167,9.0,130788001.71264791
Chicago,1992,2,91.17,27999.6,2788000.0,63.069700000000005,15.593,3.028822660446167,8.6,135051856.85677338
Chicago,1992,3,92.14,28282.7,2789000.0,63.56613333333333,13.90030303030303,3.028822660446167,7.666666666666667,138868185.277421
Chicago,1992,4,92.91,28565.8,2790000.0,64.2135,14.684015151515151,3.028822660446167,7.033333333333334,143378953.02693808
Chicago,1993,1,93.66,28848.9,2790500.0,64.8008,13.263515625,2.951657295227051,8.333333333333334,145314349.40739965
Chicago,1993,2,94.42,29132.0,2791000.0,64.93016666666666,12.973230769230769,2.951657295227051,8.299999999999999,148420463.23880613
Chicago,1993,3,95.34,29415.1,2791500.0,65.17706666666668,12.123181818181818,2.951657295227051,7.466666666666666,151286500.99288893
Chicago,1993,4,96.12,29698.2,2792000.0,66.19523333333333,12.397121212121213,2.951657295227051,6.666666666666667,156373688.73557496
Chicago,1994,1,97.35,29981.3,2793250.0,67.01046666666667,13.44671875,2.6074390411376953,7.3999999999999995,160462972.17189193
Chicago,1994,2,98.45,30264.4,2794500.0,68.23423333333334,14.59776923076923,2.6074390411376953,6.166666666666667,165667559.2010908
Chicago,1994,3,99.07,30547.5,2795750.0,69.10446666666667,12.53371212121212,2.6074390411376953,5.633333333333333,169081925.39424372
Chicago,1994,4,99.16,30830.6,2797000.0,70.50456666666666,15.258461538461537,2.6074390411376953,5.1000000000000005,174018140.71605957
Chicago,1995,1,100.0,31113.7,2798250.0,71.23963333333333,12.017307692307693,2.805418014526367,5.866666666666667,176781403.57215214
Chicago,1995,2,101.44,31396.8,2799500.0,71.46206666666667,12.188538461538462,2.805418014526367,5.733333333333333,179229692.38786423
Chicago,1995,3,102.6,31679.9,2800750.0,72.15333333333334,12.447461538461539,2.805418014526367,5.366666666666667,183327103.69643986
Chicago,1995,4,103.52,31963.0,2802000.0,72.73813333333334,12.861846153846153,2.805418014526367,4.866666666666666,186943413.33258104
Chicago,1996,1,104.64,32246.1,2805000.0,73.23533333333334,15.362,2.9312081336975098,5.766666666666667,191109521.20503616
Chicago,1996,2,104.76,32529.2,2808000.0,74.81196666666666,16.382769230769227,2.9312081336975098,5.666666666666667,197876928.00739026
Chicago,1996,3,105.0,32812.3,2811000.0,75.78656666666667,16.768333333333334,2.9312081336975098,5.333333333333333,202145052.07090533
Chicago,1996,4,106.04,33095.4,2814000.0,76.83006666666667,17.225530303030304,2.9312081336975098,4.766666666666667,207544811.43324292
Chicago,1997,1,107.06,33378.5,2812500.0,78.28623333333333,19.942265625,2.3376882076263428,5.6000000000000005,211190198.30738246
Chicago,1997,2,107.61,33661.6,2811000.0,79.40383333333334,19.904461538461536,2.3376882076263428,4.8,216859425.37393844
Chicago,1997,3,108.74,33944.7,2809500.0,81.2606,22.418181818181818,2.3376882076263428,4.8,222066351.22024727
Chicago,1997,4,109.94,34227.8,2808000.0,83.32553333333334,27.166212121212123,2.3376882076263428,4.7,225719334.23668456
Chicago,1998,1,110.76,34510.9,2806750.0,84.26833333333333,21.351015625,1.5522807836532593,5.233333333333333,229320651.1276927
Chicago,1998,2,111.41,34794.0,2805500.0,84.83383333333333,21.528153846153845,1.5522807836532593,4.333333333333333,233022464.9813013
Chicago,1998,3,112.67,35077.1,2804250.0,85.47613333333334,29.74037878787879,1.5522807836532593,4.533333333333333,238554151.53375077
Chicago,1998,4,113.42,35360.2,2803000.0,86.65466666666667,29.3180303030303,1.5522807836532593,4.266666666666667,244902271.4603734
Chicago,1999,1,114.65,35643.3,2802000.0,87.61966666666666,27.2915625,2.1880264282226562,4.6000000000000005,249197445.61177468
Chicago,1999,2,116.29,35926.4,2801000.0,88.44893333333334,24.385384615384616,2.1880264282226562,4.7,253372486.77273536
Chicago,1999,3,118.6,36209.5,2800000.0,89.24696666666667,23.248863636363637,2.1880264282226562,4.666666666666667,259290386.82251525
Chicago,1999,4,120.21,36492.6,2799000.0,90.83403333333332,22.62909090909091,2.1880264282226562,4.066666666666666,267226088.13158464
Chicago,2000,1,123.05,36775.7,2823250.0,91.7389,23.15353846153846,3.3768539428710938,4.733333333333333,275339734.2992611
Chicago,2000,2,125.69,37058.8,2847500.0,92.86746666666666,24.936384615384615,3.3768539428710938,4.433333333333334,288904789.9677017
Chicago,2000,3,128.08,37341.9,2871750.0,92.80366666666667,19.181846153846152,3.3768539428710938,4.366666666666666,295819574.9772198
Chicago,2000,4,129.82,37625.0,2896000.0,92.5487,26.06223076923077,3.3768539428710938,4.133333333333334,304524542.8420725
Chicago,2001,1,131.59,37803.775,2895750.0,91.41146666666667,25.71976923076923,2.826171636581421,5.566666666666666,400104424.0
Chicago,2001,2,134.17,37982.55,2895500.0,90.26006666666666,23.919923076923077,2.826171636581421,5.3999999999999995,400104424.0
Chicago,2001,3,137.27,38161.325,2895250.0,89.02236666666666,25.99276923076923,2.826171636581421,5.466666666666666,400104424.0
Chicago,2001,4,138.87,38340.1,2895000.0,88.04763333333334,27.763863636363634,2.826171636581421,5.8,400104424.0
Chicago,2002,1,141.67,38518.875,2892000.0,88.68256666666666,21.397421875,1.5860344171524048,7.133333333333333,409176653.0
Chicago,2002,2,144.75,38697.65,2889000.0,90.05303333333332,21.611769230769234,1.5860344171524048,7.066666666666666,409176653.0
Chicago,2002,3,147.15,38876.425,2886000.0,90.61046666666668,34.98409090909091,1.5860344171524048,6.833333333333333,409176653.0
Chicago,2002,4,149.08,39055.2,2883000.0,90.56136666666667,30.618409090909093,1.5860344171524048,6.633333333333333,409176653.0
Chicago,2003,1,150.93,39233.975,2879750.0,91.12933333333335,29.951484375,2.270094156265259,7.2,422310363.0
Chicago,2003,2,152.79,39412.75,2876500.0,90.45023333333334,21.50423076923077,2.270094156265259,6.8999999999999995,422310363.0
Chicago,2003,3,155.22,39591.525,2873250.0,91.05403333333334,19.318787878787877,2.270094156265259,6.8999999999999995,422310363.0
Chicago,2003,4,160.87,39770.3,2870000.0,91.93486666666666,17.40409090909091,2.270094156265259,6.2,422310363.0
Chicago,2004,1,162.94,39949.075,2865500.0,92.5877,16.640923076923077,2.6772384643554688,6.8,447719689.0
Chicago,2004,2,167.26,40127.85,2861000.0,93.1151,16.19969230769231,2.6772384643554688,6.3,447719689.0
Chicago,2004,3,174.39,40306.625,2856500.0,93.63853333333333,15.423560606060606,2.6772384643554688,6.2,447719689.0
Chicago,2004,4,176.95,40485.4,2852000.0,94.97083333333335,13.608030303030302,2.6772384643554688,5.8999999999999995,447719689.0
Chicago,2005,1,181.18,40664.175,2846250.0,96.29463333333332,12.784453125,3.39274525642395,6.633333333333333,473543324.0
Chicago,2005,2,186.7,40842.95,2840500.0,96.83603333333333,13.39676923076923,3.39274525642395,6.266666666666667,473543324.0
Chicago,2005,3,191.07,41021.725,2834750.0,96.42483333333332,12.255151515151516,3.39274525642395,5.8,473543324.0
Chicago,2005,4,195.62,41200.5,2829000.0,97.305,12.724461538461538,3.39274525642395,5.1,473543324.0
Chicago,2006,1,198.75,41379.275,2824750.0,98.229,12.031,3.2259416580200195,5.3,501765019.0
Chicago,2006,2,201.22,41558.05,2820500.0,98.80993333333333,14.526923076923078,3.2259416580200195,4.633333333333334,501765019.0
Chicago,2006,3,203.18,41736.825,2816250.0,99.20146666666666,13.587615384615386,3.2259416580200195,4.5,501765019.0
Chicago,2006,4,204.94,41915.6,2812000.0,99.4439,11.029923076923078,3.2259416580200195,4.0,501765019.0
Chicago,2007,1,205.97,42094.375,2813250.0,100.45546666666667,12.470076923076922,2.8526782989501953,5.066666666666666,523643162.0
Chicago,2007,2,205.5,42273.15,2814500.0,101.61796666666667,13.718923076923078,2.8526782989501953,5.0,523643162.0
Chicago,2007,3,203.34,42451.925,2815750.0,101.7108,21.513846153846156,2.8526782989501953,5.066666666666666,523643162.0
Chicago,2007,4,203.35,42630.7,2817000.0,102.0459,22.04189393939394,2.8526782989501953,4.933333333333334,523643162.0
Chicago,2008,1,201.56,42809.475,2821500.0,101.7919,26.10369230769231,3.8391003608703613,5.866666666666667,518266599.0
Chicago,2008,2,196.24,42988.25,2826000.0,100.25393333333334,20.656384615384614,3.8391003608703613,6.066666666666666,518266599.0
Chicago,2008,3,188.26,43167.025,2830500.0,96.94203333333333,25.019772727272727,3.8391003608703613,6.533333333333334,518266599.0
Chicago,2008,4,186.69,43345.8,2835000.0,92.7956,58.33143939393939,3.8391003608703613,6.6000000000000005,518266599.0
Chicago,2009,1,185.46,43524.575,2840000.0,87.56103333333334,45.02765625,-0.35554906725883484,9.200000000000001,508376298.0
Chicago,2009,2,177.57,43703.35,2845000.0,85.13616666666667,33.05823076923077,-0.35554906725883484,9.933333333333334,508376298.0
Chicago,2009,3,170.65,43882.125,2850000.0,86.5689,25.530833333333334,-0.35554906725883484,10.133333333333333,508376298.0
Chicago,2009,4,168.52,44060.9,2855000.0,87.92003333333332,23.01462121212121,-0.35554906725883484,10.5,508376298.0
Chicago,2010,1,164.85,44239.675,2815957.75,89.60996666666666,20.159765625,1.6400398015975952,11.766666666666666,522690312.0
Chicago,2010,2,162.03,44418.45,2776915.5,91.35513333333334,26.36476923076923,1.6400398015975952,10.6,522690312.0
Chicago,2010,3,163.02,44597.225,2737873.25,92.56726666666667,24.342272727272725,1.6400398015975952,10.266666666666667,522690312.0
Chicago,2010,4,161.41,44776.0,2698831.0,92.9545,19.30818181818182,1.6400398015975952,9.533333333333333,522690312.0
Chicago,2011,1,155.51,44489.0,2700904.0,93.45393333333334,18.56875,3.156846523284912,10.1,542907145.0
Chicago,2011,2,151.16,44202.0,2702977.0,93.82623333333333,17.420538461538463,3.156846523284912,10.033333333333333,542907145.0
Chicago,2011,3,151.58,43915.0,2705050.0,94.87253333333332,30.43598484848485,3.156846523284912,10.4,542907145.0
Chicago,2011,4,151.3,43628.0,2707123.0,95.84926666666667,29.87284615384615,3.156846523284912,9.6,542907145.0
Chicago,2012,1,148.68,44024.5,2709053.25,96.79553333333332,18.328846153846154,2.0693306922912598,9.633333333333333,572069394.0
Chicago,2012,2,146.44,44421.0,2710983.5,97.39576666666666,20.021538461538462,2.0693306922912598,9.1,572069394.0
Chicago,2012,3,148.23,44817.5,2712913.75,97.38883333333332,16.229923076923075,2.0693306922912598,9.133333333333333,572069394.0
Chicago,2012,4,148.31,45214.0,2714844.0,97.87596666666667,16.802651515151513,2.0693306922912598,8.799999999999999,572069394.0
Chicago,2013,1,147.69,45685.25,2715830.25,98.62133333333333,13.5303125,1.4648375511169434,9.833333333333334,586400648.0
Chicago,2013,2,149.19,46156.5,2716816.5,99.06830000000001,14.82776923076923,1.4648375511169434,9.299999999999999,586400648.0
Chicago,2013,3,150.69,46627.75,2717802.75,99.4698,14.33719696969697,1.4648375511169434,9.1,586400648.0
Chicago,2013,4,151.97,47099.0,2718789.0,100.1453,14.191590909090909,1.4648375511169434,8.4,586400648.0
Chicago,2014,1,152.8,47507.75,2719693.5,100.82683333333334,14.76421875,1.6222240924835205,8.566666666666666,612092086.0
Chicago,2014,2,156.43,47916.5,2720598.0,102.21463333333332,12.726923076923077,1.6222240924835205,7.233333333333333,612092086.0
Chicago,2014,3,158.64,48325.25,2721502.5,102.78976666666667,13.02409090909091,1.6222240924835205,6.966666666666666,612092086.0
Chicago,2014,4,159.79,48734.0,2722407.0,103.39133333333332,15.996439393939395,1.6222240924835205,6.166666666666667,612092086.0
Chicago,2015,1,161.68,49226.0,2721944.25,102.2386,16.63453125,0.11862505227327347,6.666666666666667,640542188.0
Chicago,2015,2,163.57,49718.0,2721481.5,100.81726666666667,13.745076923076924,0.11862505227327347,5.966666666666666,640542188.0
Chicago,2015,3,164.24,50210.0,2721018.75,100.8796,19.37757575757576,0.11862505227327347,5.733333333333333,640542188.0
Chicago,2015,4,165.28,50702.0,2720556.0,99.51333333333334,16.994090909090907,0.11862505227327347,5.666666666666667,640542188.0
Chicago,2016,1,166.25,51278.0,2716658.25,98.84193333333333,20.544538461538462,1.2615814208984375,6.533333333333334,654041831.0
Chicago,2016,2,168.7,51854.0,2712760.5,98.48796666666668,15.644846153846153,1.2615814208984375,5.8999999999999995,654041831.0
Chicago,2016,3,171.16,52430.0,2708862.75,98.74770000000001,13.244621212121212,1.2615814208984375,5.766666666666667,654041831.0
Chicago,2016,4,171.95,53006.0,2704965.0,98.70286666666668,14.034923076923077,1.2615814208984375,5.266666666666667,654041831.0
Chicago,2017,1,171.66,53578.25,2707839.25,98.76686666666666,11.714230769230769,2.136,5.266666666666667,674568186.0
Chicago,2017,2,174.5,54150.5,2710713.5,100.16886666666666,11.465615384615385,2.136,4.733333333333333,674568186.0
Chicago,2017,3,176.78,54722.75,2713587.75,99.82233333333333,10.950999999999999,2.136,5.066666666666666,674568186.0
Chicago,2017,4,177.03,55295.0,2716462.0,101.2419,10.296153846153846,2.136,4.533333333333334,674568186.0
Chicago,2018,1,178.29,55780.75,2713843.5,101.80380000000001,17.258153846153846,2.44,4.666666666666667,707911107.0
Chicago,2018,2,179.47,56266.5,2711225.0,102.98723333333334,15.334153846153846,2.44,3.966666666666667,707911107.0
Chicago,2018,3,180.25,56752.25,2708606.5,103.83946666666667,12.900692307692307,2.44,4.066666666666666,707911107.0
Chicago,2018,4,179.61,57238.0,2705988.0,103.99579999999999,21.238560606060606,2.44,3.8666666666666667,707911107.0
Chicago,2019,1,181.42,58381.25,2702980.75,103.007,16.612265625,1.812000036239624,4.566666666666666,728631746.0
Chicago,2019,2,184.14,59524.5,2699973.5,102.41163333333333,15.160923076923078,1.812000036239624,3.8333333333333335,728631746.0
Chicago,2019,3,185.93,60667.75,2696966.25,102.41573333333334,15.965075757575757,1.812000036239624,3.766666666666666,728631746.0
Chicago,2019,4,186.6,61811.0,2693959.0,101.8931,13.93840909090909,1.812000036239624,3.266666666666667,728631746.0
Chicago,2020,1,187.54,61882.5,2695306.0,100.205,30.396538461538462,1.2335843963066413,4.733333333333333,700007944.0
Chicago,2020,2,188.63,61954.0,2696653.0,87.45549999999999,34.501615384615384,1.2335843963066413,15.9,700007944.0
Chicago,2020,3,190.47,62025.5,2698000.0,95.60816666666666,25.919469696969696,1.2335843963066413,10.733333333333334,700007944.0
Chicago,2020,4,192.69,62097.0,2699347.0,97.22746666666667,25.491666666666667,1.2335843963066413,7.8999999999999995,700007944.0
Chicago,2021,1,194.84,63216.75,2698650.5,97.50453333333333,23.198671875,4.697859,7.466666666666666,770533358.0
Chicago,2021,2,203.75,64336.5,2697954.0,99.05556666666666,17.983846153846155,4.697859,6.966666666666666,770533358.0
Chicago,2021,3,210.43,65456.25,2697257.5,99.70116666666667,18.233636363636364,4.697859,6.066666666666666,770533358.0
Chicago,2021,4,214.65,66576.0,2696561.0,100.93913333333334,19.31863636363636,4.697859,4.3999999999999995,770533358.0
Chicago,2022,1,221.0,67528.5,2688686.75,101.91120000000001,25.34984375,8.0028,4.866666666666666,845186849.0
Chicago,2022,2,234.2,68481.0,2680812.5,102.8969,27.32207692307692,8.0028,4.633333333333334,845186849.0
Chicago,2022,3,235.88,69433.5,2672938.25,103.25113333333333,24.792727272727273,8.0028,4.766666666666667,845186849.0
Chicago,2022,4,232.43,70386.0,2665064.0,102.7922,24.945076923076925,8.0028,4.166666666666667,845186849.0
Chicago,2023,1,234.85,,,102.7874,20.70869230769231,4.128,4.433333333333334,
Chicago,2023,2,243.26,,,102.86196666666667,16.47576923076923,4.128,4.066666666666666,
Chicago,2023,3,249.14,,,103.15846666666665,15.01323076923077,4.128,4.733333333333333,
Chicago,2023,4,250.71,,,102.6986,15.25123076923077,4.128,4.3,
Chicago,2024,1,255.35,,,102.24276666666667,13.693,2.9495110725289693,5.133333333333334,
Chicago,2024,2,263.06,,,102.8633,13.980307692307692,2.9495110725289693,5.233333333333333,
Chicago,2024,3,267.53,,,102.71139999999998,17.066666666666666,2.9495110725289693,5.5,
Chicago,2024,4,268.26,,,102.40293333333334,17.31984848484848,2.9495110725289693,4.7,
Chicago,2025,1,272.71,,,103.46266666666668,18.50734375,,5.233333333333333,
Chicago,2025,2,280.14,,,103.8439,23.687153846153844,,4.7,
Houston,1990,1,91.91,40328.0,1698000.0,62.1073,22.1684375,5.397953510284424,5.0,-78209966.70189452
Houston,1990,2,92.94,40328.0,1698000.0,62.54476666666667,18.735384615384614,5.397953510284424,5.0,-74893225.10967231
Houston,1990,3,94.25,40328.0,1698000.0,62.79926666666666,25.13446153846154,5.397953510284424,5.366666666666667,-72800943.67515218
Houston,1990,4,93.93,40328.0,1698000.0,61.83443333333333,26.005909090909093,5.397953510284424,5.1000000000000005,-73195297.4025451
Houston,1991,1,94.96,40235.2,1700250.0,60.673399999999994,22.42734375,4.2349629402160645,5.5,-71645643.6711731
Houston,1991,2,95.9,40142.4,1702500.0,61.020833333333336,17.120923076923077,4.2349629402160645,5.6000000000000005,-67770089.14891052
Houston,1991,3,96.56,40049.6,1704750.0,61.8953,16.651742424242425,4.2349629402160645,5.966666666666666,-64373433.41781604
Houston,1991,4,97.6,39956.8,1707000.0,62.0224,17.465833333333332,4.2349629402160645,5.8999999999999995,-61754318.81232953
Houston,1992,1,99.26,39864.0,1713500.0,61.94726666666667,17.589307692307692,3.028822660446167,7.0,-56874574.4574008
Houston,1992,2,98.81,39771.2,1720000.0,63.069700000000005,15.593,3.028822660446167,7.266666666666666,-51649243.60863137
Houston,1992,3,100.47,39678.4,1726500.0,63.56613333333333,13.90030303030303,3.028822660446167,7.633333333333333,-46871439.48333979
Houston,1992,4,100.43,39585.6,1733000.0,64.2135,14.684015151515151,3.028822660446167,7.2,-41399196.02917874
Houston,1993,1,100.73,39492.8,1738750.0,64.8008,13.263515625,2.951657295227051,7.633333333333333,-38546027.38519347
Houston,1993,2,101.32,39400.0,1744500.0,64.93016666666666,12.973230769230769,2.951657295227051,7.5,-34522141.290263176
Houston,1993,3,102.11,39307.2,1750250.0,65.17706666666668,12.123181818181818,2.951657295227051,7.566666666666667,-30738331.27265656
Houston,1993,4,102.69,39214.4,1756000.0,66.19523333333333,12.397121212121213,2.951657295227051,7.066666666666666,-24733371.26644683
Houston,1994,1,102.54,39121.6,1760500.0,67.01046666666667,13.44671875,2.6074390411376953,7.266666666666667,-20075943.095567584
Houston,1994,2,101.88,39028.8,1765000.0,68.23423333333334,14.59776923076923,2.6074390411376953,6.8999999999999995,-14303211.331806302
Houston,1994,3,101.84,38936.0,1769500.0,69.10446666666667,12.53371212121212,2.6074390411376953,6.833333333333333,-10320700.40409112
Houston,1994,4,100.43,38843.2,1774000.0,70.50456666666666,15.258461538461537,2.6074390411376953,5.8999999999999995,-4816340.347712994
Houston,1995,1,100.0,38750.4,1775250.0,71.23963333333333,12.017307692307693,2.805418014526367,5.8999999999999995,-2053077.4916204214
Houston,1995,2,101.7,38657.6,1776500.0,71.46206666666667,12.188538461538462,2.805418014526367,6.066666666666666,395211.3240916729
Houston,1995,3,102.52,38564.8,1777750.0,72.15333333333334,12.447461538461539,2.805418014526367,6.333333333333333,4492622.632667303
Houston,1995,4,102.75,38472.0,1779000.0,72.73813333333334,12.861846153846153,2.805418014526367,5.633333333333333,8108932.268808603
Houston,1996,1,104.3,38379.2,1782250.0,73.23533333333334,15.362,2.9312081336975098,5.833333333333333,12318743.582383752
Houston,1996,2,103.81,38286.4,1785500.0,74.81196666666666,16.382769230769227,2.9312081336975098,5.633333333333333,19129853.825858116
Houston,1996,3,104.06,38193.6,1788750.0,75.78656666666667,16.768333333333334,2.9312081336975098,5.566666666666666,23441681.33049333
Houston,1996,4,104.62,38100.8,1792000.0,76.83006666666667,17.225530303030304,2.9312081336975098,5.233333333333333,28885144.133951068
Houston,1997,1,104.57,38008.0,1795750.0,78.28623333333333,19.942265625,2.3376882076263428,5.866666666666667,33448303.271614313
Houston,1997,2,106.1,37915.2,1799500.0,79.40383333333334,19.904461538461536,2.3376882076263428,5.533333333333334,40035302.60169411
Houston,1997,3,107.14,37822.4,1803250.0,81.2606,22.418181818181818,2.3376882076263428,5.433333333333334,46160000.71152663
Houston,1997,4,108.2,37729.6,1807000.0,83.32553333333334,27.166212121212123,2.3376882076263428,4.466666666666667,50730755.99148774
Houston,1998,1,110.74,37636.8,1812500.0,84.26833333333333,21.351015625,1.5522807836532593,4.6000000000000005,55512065.7927407
Houston,1998,2,111.86,37544.0,1818000.0,84.83383333333333,21.528153846153845,1.5522807836532593,4.5,60393872.55659413
Houston,1998,3,113.87,37451.2,1823500.0,85.47613333333334,29.74037878787879,1.5522807836532593,4.7,67105552.01928854
Houston,1998,4,115.41,37358.4,1829000.0,86.65466666666667,29.3180303030303,1.5522807836532593,4.033333333333333,74633664.85615587
Houston,1999,1,116.82,37265.6,1833250.0,87.61966666666666,27.2915625,2.1880264282226562,4.3999999999999995,79846611.27108097
Houston,1999,2,119.71,37172.8,1837500.0,88.44893333333334,24.385384615384616,2.1880264282226562,4.866666666666667,84939424.69556546
Houston,1999,3,122.66,37080.0,1841750.0,89.24696666666667,23.248863636363637,2.1880264282226562,5.233333333333333,91775097.00886905
Houston,1999,4,124.82,36987.2,1846000.0,90.83403333333332,22.62909090909091,2.1880264282226562,4.7,100628570.58146226
Houston,2000,1,126.48,36894.4,1878750.0,91.7389,23.15353846153846,3.3768539428710938,4.833333333333333,110228133.74722481
Houston,2000,2,128.53,36801.6,1911500.0,92.86746666666666,24.936384615384615,3.3768539428710938,4.366666666666666,125279106.41375148
Houston,2000,3,130.29,36708.8,1944250.0,92.80366666666667,19.181846153846152,3.3768539428710938,4.466666666666666,133679808.42135572
Houston,2000,4,131.17,36616.0,1977000.0,92.5487,26.06223076923077,3.3768539428710938,3.633333333333333,143870693.28429437
Houston,2001,1,135.41,36759.475,1981250.0,91.41146666666667,25.71976923076923,2.826171636581421,4.033333333333333,213736837.0
Houston,2001,2,136.85,36902.95,1985500.0,90.26006666666666,23.919923076923077,2.826171636581421,4.366666666666666,213736837.0
Houston,2001,3,138.61,37046.425,1989750.0,89.02236666666666,25.99276923076923,2.826171636581421,5.0,213736837.0
Houston,2001,4,139.98,37189.9,1994000.0,88.04763333333334,27.763863636363634,2.826171636581421,5.066666666666666,213736837.0
Houston,2002,1,140.73,37333.375,1999500.0,88.68256666666666,21.397421875,1.5860344171524048,5.766666666666667,213410019.0
Houston,2002,2,142.45,37476.85,2005000.0,90.05303333333332,21.611769230769234,1.5860344171524048,6.1000000000000005,213410019.0
Houston,2002,3,144.33,37620.325,2010500.0,90.61046666666668,34.98409090909091,1.5860344171524048,6.266666666666667,213410019.0
Houston,2002,4,146.29,37763.8,2016000.0,90.56136666666667,30.618409090909093,1.5860344171524048,6.0,213410019.0
Houston,2003,1,147.34,37907.275,2017000.0,91.12933333333335,29.951484375,2.270094156265259,6.733333333333333,222790643.0
Houston,2003,2,148.28,38050.75,2018000.0,90.45023333333334,21.50423076923077,2.270094156265259,7.0,222790643.0
Houston,2003,3,149.15,38194.225,2019000.0,91.05403333333334,19.318787878787877,2.270094156265259,7.1000000000000005,222790643.0
Houston,2003,4,150.67,38337.7,2020000.0,91.93486666666666,17.40409090909091,2.270094156265259,6.333333333333333,222790643.0
Houston,2004,1,152.17,38481.175,2019250.0,92.5877,16.640923076923077,2.6772384643554688,6.533333333333334,250918295.0
Houston,2004,2,153.65,38624.65,2018500.0,93.1151,16.19969230769231,2.6772384643554688,6.266666666666667,250918295.0
Houston,2004,3,155.69,38768.125,2017750.0,93.63853333333333,15.423560606060606,2.6772384643554688,6.166666666666667,250918295.0
Houston,2004,4,156.72,38911.6,2017000.0,94.97083333333335,13.608030303030302,2.6772384643554688,5.866666666666667,250918295.0
Houston,2005,1,158.82,39055.075,2018250.0,96.29463333333332,12.784453125,3.39274525642395,5.8999999999999995,270713825.0
Houston,2005,2,160.36,39198.55,2019500.0,96.83603333333333,13.39676923076923,3.39274525642395,5.366666666666667,270713825.0
Houston,2005,3,162.51,39342.025,2020750.0,96.42483333333332,12.255151515151516,3.39274525642395,5.733333333333333,270713825.0
Houston,2005,4,165.36,39485.5,2022000.0,97.305,12.724461538461538,3.39274525642395,5.733333333333333,270713825.0
Houston,2006,1,167.53,39628.975,2031250.0,98.229,12.031,3.2259416580200195,5.566666666666666,303333173.0
Houston,2006,2,170.26,39772.45,2040500.0,98.80993333333333,14.526923076923078,3.2259416580200195,5.233333333333333,303333173.0
Houston,2006,3,172.6,39915.925,2049750.0,99.20146666666666,13.587615384615386,3.2259416580200195,5.066666666666666,303333173.0
Houston,2006,4,174.08,40059.4,2059000.0,99.4439,11.029923076923078,3.2259416580200195,4.3,303333173.0
Houston,2007,1,176.37,40202.875,2060500.0,100.45546666666667,12.470076923076922,2.8526782989501953,4.5,338013087.0
Houston,2007,2,179.41,40346.35,2062000.0,101.61796666666667,13.718923076923078,2.8526782989501953,4.133333333333334,338013087.0
Houston,2007,3,179.98,40489.825,2063500.0,101.7108,21.513846153846156,2.8526782989501953,4.433333333333334,338013087.0
Houston,2007,4,181.38,40633.3,2065000.0,102.0459,22.04189393939394,2.8526782989501953,4.1000000000000005,338013087.0
Houston,2008,1,183.26,40776.775,2069750.0,101.7919,26.10369230769231,3.8391003608703613,4.333333333333333,339675382.0
Houston,2008,2,183.89,40920.25,2074500.0,100.25393333333334,20.656384615384614,3.8391003608703613,4.333333333333333,339675382.0
Houston,2008,3,184.8,41063.725,2079250.0,96.94203333333333,25.019772727272727,3.8391003608703613,5.066666666666666,339675382.0
Houston,2008,4,184.67,41207.2,2084000.0,92.7956,58.33143939393939,3.8391003608703613,5.266666666666667,339675382.0
Houston,2009,1,187.02,41350.675,2092750.0,87.56103333333334,45.02765625,-0.35554906725883484,6.3,330630158.0
Houston,2009,2,185.7,41494.15,2101500.0,85.13616666666667,33.05823076923077,-0.35554906725883484,7.2,330630158.0
Houston,2009,3,184.83,41637.625,2110250.0,86.5689,25.530833333333334,-0.35554906725883484,8.6,330630158.0
Houston,2009,4,184.32,41781.1,2119000.0,87.92003333333332,23.01462121212121,-0.35554906725883484,8.299999999999999,330630158.0
Houston,2010,1,183.15,41924.575,2116052.0,89.60996666666666,20.159765625,1.6400398015975952,8.633333333333333,356088066.0
Houston,2010,2,183.41,42068.05,2113104.0,91.35513333333334,26.36476923076923,1.6400398015975952,8.233333333333333,356088066.0
Houston,2010,3,184.12,42211.525,2110156.0,92.56726666666667,24.342272727272725,1.6400398015975952,8.4,356088066.0
Houston,2010,4,183.86,42355.0,2107208.0,92.9545,19.30818181818182,1.6400398015975952,8.200000000000001,356088066.0
Houston,2011,1,180.52,42485.5,2116889.25,93.45393333333334,18.56875,3.156846523284912,8.4,385807712.0
Houston,2011,2,179.94,42616.0,2126570.5,93.82623333333333,17.420538461538463,3.156846523284912,8.233333333333334,385807712.0
Houston,2011,3,181.49,42746.5,2136251.75,94.87253333333332,30.43598484848485,3.156846523284912,8.466666666666667,385807712.0
Houston,2011,4,182.33,42877.0,2145933.0,95.84926666666667,29.87284615384615,3.156846523284912,7.3,385807712.0
Houston,2012,1,183.35,42869.5,2149871.25,96.79553333333332,18.328846153846154,2.0693306922912598,7.0,409104519.0
Houston,2012,2,185.93,42862.0,2153809.5,97.39576666666666,20.021538461538462,2.0693306922912598,6.633333333333333,409104519.0
Houston,2012,3,187.61,42854.5,2157747.75,97.38883333333332,16.229923076923075,2.0693306922912598,6.666666666666667,409104519.0
Houston,2012,4,189.2,42847.0,2161686.0,97.87596666666667,16.802651515151513,2.0693306922912598,6.033333333333334,409104519.0
Houston,2013,1,191.36,43473.5,2170608.0,98.62133333333333,13.5303125,1.4648375511169434,6.433333333333334,433448813.0
Houston,2013,2,195.37,44100.0,2179530.0,99.06830000000001,14.82776923076923,1.4648375511169434,6.166666666666667,433448813.0
Houston,2013,3,199.79,44726.5,2188452.0,99.4698,14.33719696969697,1.4648375511169434,6.2,433448813.0
Houston,2013,4,204.5,45353.0,2197374.0,100.1453,14.191590909090909,1.4648375511169434,5.533333333333334,433448813.0
Houston,2014,1,208.35,45379.75,2208229.5,100.82683333333334,14.76421875,1.6222240924835205,5.5,447264991.0
Houston,2014,2,215.82,45406.5,2219085.0,102.21463333333332,12.726923076923077,1.6222240924835205,4.966666666666666,447264991.0
Houston,2014,3,223.24,45433.25,2229940.5,102.78976666666667,13.02409090909091,1.6222240924835205,5.233333333333333,447264991.0
Houston,2014,4,227.23,45460.0,2240796.0,103.39133333333332,15.996439393939395,1.6222240924835205,4.366666666666666,447264991.0
Houston,2015,1,229.9,46111.0,2255254.0,102.2386,16.63453125,0.11862505227327347,4.533333333333334,465245874.0
Houston,2015,2,236.45,46762.0,2269712.0,100.81726666666667,13.745076923076924,0.11862505227327347,4.433333333333334,465245874.0
Houston,2015,3,239.34,47413.0,2284170.0,100.8796,19.37757575757576,0.11862505227327347,4.866666666666666,465245874.0
Houston,2015,4,239.27,48064.0,2298628.0,99.51333333333334,16.994090909090907,0.11862505227327347,4.7,465245874.0
Houston,2016,1,240.14,47996.25,2300068.0,98.84193333333333,20.544538461538462,1.2615814208984375,4.933333333333334,454293836.0
Houston,2016,2,245.38,47928.5,2301508.0,98.48796666666668,15.644846153846153,1.2615814208984375,5.066666666666666,454293836.0
Houston,2016,3,248.53,47860.75,2302948.0,98.74770000000001,13.244621212121212,1.2615814208984375,5.7,454293836.0
Houston,2016,4,249.17,47793.0,2304388.0,98.70286666666668,14.034923076923077,1.2615814208984375,5.266666666666667,454293836.0
Houston,2017,1,251.09,48568.75,2306598.5,98.76686666666666,11.714230769230769,2.136,5.6000000000000005,470676136.0
Houston,2017,2,255.76,49344.5,2308809.0,100.16886666666666,11.465615384615385,2.136,4.933333333333334,470676136.0
Houston,2017,3,256.58,50120.25,2311019.5,99.82233333333333,10.950999999999999,2.136,5.0,470676136.0
Houston,2017,4,259.95,50896.0,2313230.0,101.2419,10.296153846153846,2.136,4.433333333333334,470676136.0
Houston,2018,1,262.2,50972.75,2316445.0,101.80380000000001,17.258153846153846,2.44,4.733333333333333,507443675.0
Houston,2018,2,266.68,51049.5,2319660.0,102.98723333333334,15.334153846153846,2.44,4.3,507443675.0
Houston,2018,3,270.28,51126.25,2322875.0,103.83946666666667,12.900692307692307,2.44,4.366666666666667,507443675.0
Houston,2018,4,269.94,51203.0,2326090.0,103.99579999999999,21.238560606060606,2.44,3.8333333333333335,507443675.0
Houston,2019,1,272.89,51514.75,2323766.75,103.007,16.612265625,1.812000036239624,4.1000000000000005,507654750.0
Houston,2019,2,277.18,51826.5,2321443.5,102.41163333333333,15.160923076923078,1.812000036239624,3.5666666666666664,507654750.0
Houston,2019,3,279.89,52138.25,2319120.25,102.41573333333334,15.965075757575757,1.812000036239624,3.9333333333333336,507654750.0
Houston,2019,4,280.98,52450.0,2316797.0,101.8931,13.93840909090909,1.812000036239624,3.533333333333333,507654750.0
Houston,2020,1,285.38,52737.5,2315907.25,100.205,30.396538461538462,1.2335843963066413,4.5,494381176.0
Houston,2020,2,289.23,53025.0,2315017.5,87.45549999999999,34.501615384615384,1.2335843963066413,12.533333333333333,494381176.0
Houston,2020,3,291.1,53312.5,2314127.75,95.60816666666666,25.919469696969696,1.2335843963066413,9.666666666666666,494381176.0
Houston,2020,4,295.13,53600.0,2313238.0,97.22746666666667,25.491666666666667,1.2335843963066413,7.566666666666666,494381176.0
Houston,2021,1,299.07,54074.75,2306690.25,97.50453333333333,23.198671875,4.697859,7.466666666666666,557324269.0
Houston,2021,2,311.96,54549.5,2300142.5,99.05556666666666,17.983846153846155,4.697859,6.633333333333333,557324269.0
Houston,2021,3,325.66,55024.25,2293594.75,99.70116666666667,18.233636363636364,4.697859,6.033333333333334,557324269.0
Houston,2021,4,336.66,55499.0,2287047.0,100.93913333333334,19.31863636363636,4.697859,4.766666666666667,557324269.0
Houston,2022,1,351.52,56730.75,2291388.75,101.91120000000001,25.34984375,8.0028,4.6000000000000005,645755349.0
Houston,2022,2,365.17,57962.5,2295730.5,102.8969,27.32207692307692,8.0028,4.066666666666666,645755349.0
Houston,2022,3,377.04,59194.25,2300072.25,103.25113333333333,24.792727272727273,8.0028,4.233333333333333,645755349.0
Houston,2022,4,377.61,60426.0,2304414.0,102.7922,24.945076923076925,8.0028,4.0,645755349.0
Houston,2023,1,377.12,,,102.7874,20.70869230769231,4.128,4.3999999999999995,
Houston,2023,2,385.91,,,102.86196666666667,16.47576923076923,4.128,4.066666666666666,
Houston,2023,3,389.31,,,103.15846666666665,15.01323076923077,4.128,4.3999999999999995,
Houston,2023,4,390.42,,,102.6986,15.25123076923077,4.128,3.9333333333333336,
Houston,2024,1,395.82,,,102.24276666666667,13.693,2.9495110725289693,4.266666666666667,
Houston,2024,2,395.29,,,102.8633,13.980307692307692,2.9495110725289693,4.133333333333334,
Houston,2024,3,403.68,,,102.71139999999998,17.066666666666666,2.9495110725289693,4.733333333333333,
Houston,2024,4,404.54,,,102.40293333333334,17.31984848484848,2.9495110725289693,4.233333333333333,
Houston,2025,1,407.25,,,103.46266666666668,18.50734375,,4.366666666666667,
Houston,2025,2,404.36,,,103.8439,23.687153846153844,,4.133333333333334,
Los Angeles,1990,1,126.75,45600.0,3485000.0,62.1073,22.1684375,5.397953510284424,5.0,234182230.42514503
Los Angeles,1990,2,126.67,45600.0,3485000.0,62.54476666666667,18.735384615384614,5.397953510284424,4.9,237498972.01736724
Los Angeles,1990,3,126.75,45600.0,3485000.0,62.79926666666666,25.13446153846154,5.397953510284424,5.633333333333333,239591253.45188737
Los Angeles,1990,4,125.04,45600.0,3485000.0,61.83443333333333,26.005909090909093,5.397953510284424,5.766666666666667,239196899.72449446
Los Angeles,1991,1,124.95,45377.175,3486250.0,60.673399999999994,22.42734375,4.2349629402160645,6.833333333333333,240571739.69138587
Los Angeles,1991,2,123.38,45154.35,3487500.0,61.020833333333336,17.120923076923077,4.2349629402160645,7.266666666666667,244272480.4491676
Los Angeles,1991,3,123.13,44931.525,3488750.0,61.8953,16.651742424242425,4.2349629402160645,7.8999999999999995,247494322.41578138
Los Angeles,1991,4,124.38,44708.7,3490000.0,62.0224,17.465833333333332,4.2349629402160645,7.7,249938623.2567873
Los Angeles,1992,1,123.78,44485.875,3493750.0,61.94726666666667,17.589307692307692,3.028822660446167,8.6,254337629.75939393
Los Angeles,1992,2,122.1,44263.05,3497500.0,63.069700000000005,15.593,3.028822660446167,8.833333333333334,259082222.75584137
Los Angeles,1992,3,121.21,44040.225,3501250.0,63.56613333333333,13.90030303030303,3.028822660446167,9.833333333333334,263379289.02881098
Los Angeles,1992,4,119.59,43817.4,3505000.0,64.2135,14.684015151515151,3.028822660446167,9.333333333333334,268370794.63065004
Los Angeles,1993,1,116.85,43594.575,3514750.0,64.8008,13.263515625,2.951657295227051,9.766666666666667,271923218.3325584
Los Angeles,1993,2,114.95,43371.75,3524500.0,64.93016666666666,12.973230769230769,2.951657295227051,9.233333333333333,276646359.4854114
Los Angeles,1993,3,113.09,43148.925,3534250.0,65.17706666666668,12.123181818181818,2.951657295227051,9.4,281129424.56094086
Los Angeles,1993,4,111.71,42926.1,3544000.0,66.19523333333333,12.397121212121213,2.951657295227051,8.766666666666667,287833639.62507343
Los Angeles,1994,1,110.23,42703.275,3543750.0,67.01046666666667,13.44671875,2.6074390411376953,9.266666666666666,291660702.4146693
Los Angeles,1994,2,105.54,42480.45,3543500.0,68.23423333333334,14.59776923076923,2.6074390411376953,8.6,296603068.7971473
Los Angeles,1994,3,103.28,42257.625,3543250.0,69.10446666666667,12.53371212121212,2.6074390411376953,8.633333333333333,299755214.3435788
Los Angeles,1994,4,101.06,42034.8,3543000.0,70.50456666666666,15.258461538461537,2.6074390411376953,7.266666666666667,304429209.01867366
Los Angeles,1995,1,100.0,41811.975,3540750.0,71.23963333333333,12.017307692307693,2.805418014526367,7.266666666666667,306580623.6990838
Los Angeles,1995,2,100.95,41589.15,3538500.0,71.46206666666667,12.188538461538462,2.805418014526367,7.166666666666667,308417064.33911335
Los Angeles,1995,3,102.75,41366.325,3536250.0,72.15333333333334,12.447461538461539,2.805418014526367,7.833333333333333,311902627.47200656
Los Angeles,1995,4,102.99,41143.5,3534000.0,72.73813333333334,12.861846153846153,2.805418014526367,7.266666666666667,314907088.9324653
Los Angeles,1996,1,102.82,40920.675,3536000.0,73.23533333333334,15.362,2.9312081336975098,7.8,318898383.0404396
Los Angeles,1996,2,100.23,40697.85,3538000.0,74.81196666666666,16.382769230769227,2.9312081336975098,7.366666666666667,325490976.0783129
Los Angeles,1996,3,99.64,40475.025,3540000.0,75.78656666666667,16.768333333333334,2.9312081336975098,7.333333333333333,329584286.37734735
Los Angeles,1996,4,100.4,40252.2,3542000.0,76.83006666666667,17.225530303030304,2.9312081336975098,6.566666666666666,334809231.9752042
Los Angeles,1997,1,100.54,40029.375,3547750.0,78.28623333333333,19.942265625,2.3376882076263428,6.7,339722018.6418289
Los Angeles,1997,2,100.76,39806.55,3553500.0,79.40383333333334,19.904461538461536,2.3376882076263428,6.0,346658645.5008701
Los Angeles,1997,3,102.88,39583.725,3559250.0,81.2606,22.418181818181818,2.3376882076263428,6.2,353132971.13966405
Los Angeles,1997,4,105.33,39360.9,3565000.0,83.32553333333334,27.166212121212123,2.3376882076263428,5.333333333333333,358053353.9485866
Los Angeles,1998,1,108.03,39138.075,3573250.0,84.26833333333333,21.351015625,1.5522807836532593,5.7,363315401.6021615
Los Angeles,1998,2,110.44,38915.25,3581500.0,84.83383333333333,21.528153846153845,1.5522807836532593,5.433333333333334,368677946.21833706
Los Angeles,1998,3,113.32,38692.425,3589750.0,85.47613333333334,29.74037878787879,1.5522807836532593,6.133333333333333,375870363.5333532
Los Angeles,1998,4,115.93,38469.6,3598000.0,86.65466666666667,29.3180303030303,1.5522807836532593,5.533333333333334,383879214.2225425
Los Angeles,1999,1,117.86,38246.775,3607000.0,87.61966666666666,27.2915625,2.1880264282226562,5.3999999999999995,389922526.018751
Los Angeles,1999,2,119.06,38023.95,3616000.0,88.44893333333334,24.385384615384616,2.1880264282226562,4.833333333333333,395845704.8245189
Los Angeles,1999,3,120.81,37801.125,3625000.0,89.24696666666667,23.248863636363637,2.1880264282226562,5.3999999999999995,403511742.5191059
Los Angeles,1999,4,122.65,37578.3,3634000.0,90.83403333333332,22.62909090909091,2.1880264282226562,4.8,413195581.47298265
Los Angeles,2000,1,126.21,37355.475,3651250.0,91.7389,23.15353846153846,3.3768539428710938,5.166666666666667,420085531.289294
Los Angeles,2000,2,127.83,37132.65,3668500.0,92.86746666666666,24.936384615384615,3.3768539428710938,4.933333333333334,432426890.6063696
Los Angeles,2000,3,130.75,36909.825,3685750.0,92.80366666666667,19.181846153846152,3.3768539428710938,5.266666666666667,438117979.2645227
Los Angeles,2000,4,133.68,36687.0,3703000.0,92.5487,26.06223076923077,3.3768539428710938,4.433333333333334,445599250.77801025
Los Angeles,2001,1,137.43,36945.6,3712000.0,91.41146666666667,25.71976923076923,2.826171636581421,4.7,518158072.0
Los Angeles,2001,2,140.55,37204.2,3721000.0,90.26006666666666,23.919923076923077,2.826171636581421,4.766666666666667,518158072.0
Los Angeles,2001,3,143.75,37462.8,3730000.0,89.02236666666666,25.99276923076923,2.826171636581421,5.666666666666667,518158072.0
Los Angeles,2001,4,147.06,37721.4,3739000.0,88.04763333333334,27.763863636363634,2.826171636581421,5.933333333333334,518158072.0
Los Angeles,2002,1,152.0,37980.0,3747750.0,88.68256666666666,21.397421875,1.5860344171524048,6.466666666666666,538315983.0
Los Angeles,2002,2,158.06,38238.6,3756500.0,90.05303333333332,21.611769230769234,1.5860344171524048,6.3999999999999995,538315983.0
Los Angeles,2002,3,164.13,38497.2,3765250.0,90.61046666666668,34.98409090909091,1.5860344171524048,6.633333333333333,538315983.0
Los Angeles,2002,4,169.35,38755.8,3774000.0,90.56136666666667,30.618409090909093,1.5860344171524048,6.133333333333333,538315983.0
Los Angeles,2003,1,173.97,39014.4,3780000.0,91.12933333333335,29.951484375,2.270094156265259,6.433333333333334,568731194.0
Los Angeles,2003,2,178.26,39273.0,3786000.0,90.45023333333334,21.50423076923077,2.270094156265259,6.466666666666666,568731194.0
Los Angeles,2003,3,185.65,39531.6,3792000.0,91.05403333333334,19.318787878787877,2.270094156265259,6.8,568731194.0
Los Angeles,2003,4,199.81,39790.2,3798000.0,91.93486666666666,17.40409090909091,2.270094156265259,6.166666666666667,568731194.0
Los Angeles,2004,1,208.16,40048.8,3800500.0,92.5877,16.640923076923077,2.6772384643554688,6.266666666666667,600491830.0
Los Angeles,2004,2,221.71,40307.4,3803000.0,93.1151,16.19969230769231,2.6772384643554688,6.033333333333334,600491830.0
Los Angeles,2004,3,245.65,40566.0,3805500.0,93.63853333333333,15.423560606060606,2.6772384643554688,6.0,600491830.0
Los Angeles,2004,4,254.55,40824.6,3808000.0,94.97083333333335,13.608030303030302,2.6772384643554688,5.433333333333334,600491830.0
Los Angeles,2005,1,264.89,41083.2,3808500.0,96.29463333333332,12.784453125,3.39274525642395,5.366666666666667,636269224.0
Los Angeles,2005,2,280.2,41341.8,3809000.0,96.83603333333333,13.39676923076923,3.39274525642395,4.833333333333333,636269224.0
Los Angeles,2005,3,296.01,41600.4,3809500.0,96.42483333333332,12.255151515151516,3.39274525642395,4.866666666666666,636269224.0
Los Angeles,2005,4,314.99,41859.0,3810000.0,97.305,12.724461538461538,3.39274525642395,4.6000000000000005,636269224.0
Los Angeles,2006,1,326.67,42117.6,3806000.0,98.229,12.031,3.2259416580200195,4.633333333333334,678566725.0
Los Angeles,2006,2,333.98,42376.2,3802000.0,98.80993333333333,14.526923076923078,3.2259416580200195,4.3,678566725.0
Los Angeles,2006,3,339.86,42634.8,3798000.0,99.20146666666666,13.587615384615386,3.2259416580200195,4.666666666666667,678566725.0
Los Angeles,2006,4,340.24,42893.4,3794000.0,99.4439,11.029923076923078,3.2259416580200195,4.033333333333333,678566725.0
Los Angeles,2007,1,338.14,43152.0,3794000.0,100.45546666666667,12.470076923076922,2.8526782989501953,4.566666666666666,703024123.0
Los Angeles,2007,2,336.0,43410.6,3794000.0,101.61796666666667,13.718923076923078,2.8526782989501953,4.3999999999999995,703024123.0
Los Angeles,2007,3,328.97,43669.2,3794000.0,101.7108,21.513846153846156,2.8526782989501953,5.1000000000000005,703024123.0
Los Angeles,2007,4,317.95,43927.8,3794000.0,102.0459,22.04189393939394,2.8526782989501953,5.033333333333334,703024123.0
Los Angeles,2008,1,299.66,44186.4,3799750.0,101.7919,26.10369230769231,3.8391003608703613,5.633333333333333,720131082.0
Los Angeles,2008,2,275.92,44445.0,3805500.0,100.25393333333334,20.656384615384614,3.8391003608703613,6.2,720131082.0
Los Angeles,2008,3,255.48,44703.6,3811250.0,96.94203333333333,25.019772727272727,3.8391003608703613,7.7,720131082.0
Los Angeles,2008,4,245.49,44962.2,3817000.0,92.7956,58.33143939393939,3.8391003608703613,8.333333333333334,720131082.0
Los Angeles,2009,1,242.32,45220.8,3823750.0,87.56103333333334,45.02765625,-0.35554906725883484,10.233333333333333,692752202.0
Los Angeles,2009,2,232.73,45479.4,3830500.0,85.13616666666667,33.05823076923077,-0.35554906725883484,10.666666666666666,692752202.0
Los Angeles,2009,3,229.16,45738.0,3837250.0,86.5689,25.530833333333334,-0.35554906725883484,11.699999999999998,692752202.0
Los Angeles,2009,4,231.89,45996.6,3844000.0,87.92003333333332,23.01462121212121,-0.35554906725883484,11.4,692752202.0
Los Angeles,2010,1,230.59,46255.2,3832286.0,89.60996666666666,20.159765625,1.6400398015975952,12.133333333333333,717683468.0
Los Angeles,2010,2,230.25,46513.8,3820572.0,91.35513333333334,26.36476923076923,1.6400398015975952,11.666666666666666,717683468.0
Los Angeles,2010,3,232.32,46772.4,3808858.0,92.56726666666667,24.342272727272725,1.6400398015975952,12.233333333333334,717683468.0
Los Angeles,2010,4,230.56,47031.0,3797144.0,92.9545,19.30818181818182,1.6400398015975952,11.799999999999999,717683468.0
Los Angeles,2011,1,223.6,46810.25,3802785.0,93.45393333333334,18.56875,3.156846523284912,11.700000000000001,740339476.0
Los Angeles,2011,2,220.33,46589.5,3808426.0,93.82623333333333,17.420538461538463,3.156846523284912,11.4,740339476.0
Los Angeles,2011,3,221.43,46368.75,3814067.0,94.87253333333332,30.43598484848485,3.156846523284912,11.966666666666667,740339476.0
Los Angeles,2011,4,220.78,46148.0,3819708.0,95.84926666666667,29.87284615384615,3.156846523284912,10.933333333333332,740339476.0
Los Angeles,2012,1,218.51,46311.75,3829227.5,96.79553333333332,18.328846153846154,2.0693306922912598,10.766666666666666,770420955.0
Los Angeles,2012,2,218.33,46475.5,3838747.0,97.39576666666666,20.021538461538462,2.0693306922912598,10.133333333333333,770420955.0
Los Angeles,2012,3,221.9,46639.25,3848266.5,97.38883333333332,16.229923076923075,2.0693306922912598,10.366666666666667,770420955.0
Los Angeles,2012,4,225.78,46803.0,3857786.0,97.87596666666667,16.802651515151513,2.0693306922912598,9.466666666666667,770420955.0
Los Angeles,2013,1,230.38,47218.75,3864424.5,98.62133333333333,13.5303125,1.4648375511169434,9.6,802019320.0
Los Angeles,2013,2,239.08,47634.5,3871063.0,99.06830000000001,14.82776923076923,1.4648375511169434,9.033333333333333,802019320.0
Los Angeles,2013,3,250.92,48050.25,3877701.5,99.4698,14.33719696969697,1.4648375511169434,9.333333333333334,802019320.0
Los Angeles,2013,4,259.49,48466.0,3884340.0,100.1453,14.191590909090909,1.4648375511169434,8.333333333333334,802019320.0
Los Angeles,2014,1,264.56,48985.5,3895461.75,100.82683333333334,14.76421875,1.6222240924835205,8.1,837562137.0
Los Angeles,2014,2,270.61,49505.0,3906583.5,102.21463333333332,12.726923076923077,1.6222240924835205,7.333333333333333,837562137.0
Los Angeles,2014,3,276.32,50024.5,3917705.25,102.78976666666667,13.02409090909091,1.6222240924835205,7.933333333333333,837562137.0
Los Angeles,2014,4,279.75,50544.0,3928827.0,103.39133333333332,15.996439393939395,1.6222240924835205,7.033333333333334,837562137.0
Los Angeles,2015,1,282.64,50914.0,3939594.25,102.2386,16.63453125,0.11862505227327347,6.866666666666667,889382832.0
Los Angeles,2015,2,287.74,51284.0,3950361.5,100.81726666666667,13.745076923076924,0.11862505227327347,6.333333333333333,889382832.0
Los Angeles,2015,3,294.52,51654.0,3961128.75,100.8796,19.37757575757576,0.11862505227327347,6.133333333333333,889382832.0
Los Angeles,2015,4,299.0,52024.0,3971896.0,99.51333333333334,16.994090909090907,0.11862505227327347,5.3,889382832.0
Los Angeles,2016,1,302.97,52626.0,3973003.0,98.84193333333333,20.544538461538462,1.2615814208984375,5.066666666666666,918198895.0
Los Angeles,2016,2,307.34,53228.0,3974110.0,98.48796666666668,15.644846153846153,1.2615814208984375,4.8,918198895.0
Los Angeles,2016,3,314.25,53830.0,3975217.0,98.74770000000001,13.244621212121212,1.2615814208984375,5.333333333333333,918198895.0
Los Angeles,2016,4,318.95,54432.0,3976324.0,98.70286666666668,14.034923076923077,1.2615814208984375,4.733333333333333,918198895.0
Los Angeles,2017,1,323.85,55873.25,3982178.5,98.76686666666666,11.714230769230769,2.136,4.7,965279922.0
Los Angeles,2017,2,329.22,57314.5,3988033.0,100.16886666666666,11.465615384615385,2.136,4.3,965279922.0
Los Angeles,2017,3,336.17,58755.75,3993887.5,99.82233333333333,10.950999999999999,2.136,4.833333333333333,965279922.0
Los Angeles,2017,4,341.24,60197.0,3999742.0,101.2419,10.296153846153846,2.136,4.1000000000000005,965279922.0
Los Angeles,2018,1,347.65,60766.25,3997423.75,101.80380000000001,17.258153846153846,2.44,4.3,1011441224.0
Los Angeles,2018,2,353.73,61335.5,3995105.5,102.98723333333334,15.334153846153846,2.44,4.066666666666666,1011441224.0
Los Angeles,2018,3,358.86,61904.75,3992787.25,103.83946666666667,12.900692307692307,2.44,4.5,1011441224.0
Los Angeles,2018,4,359.56,62474.0,3990469.0,103.99579999999999,21.238560606060606,2.44,4.066666666666666,1011441224.0
Los Angeles,2019,1,362.08,63710.0,3987736.0,103.007,16.612265625,1.812000036239624,4.266666666666667,1065709665.0
Los Angeles,2019,2,364.84,64946.0,3985003.0,102.41163333333333,15.160923076923078,1.812000036239624,3.866666666666667,1065709665.0
Los Angeles,2019,3,368.47,66182.0,3982270.0,102.41573333333334,15.965075757575757,1.812000036239624,4.3,1065709665.0
Los Angeles,2019,4,371.49,67418.0,3979537.0,101.8931,13.93840909090909,1.812000036239624,3.9,1065709665.0
Los Angeles,2020,1,375.74,66886.0,3977972.25,100.205,30.396538461538462,1.2335843963066413,4.966666666666666,1035818839.0
Los Angeles,2020,2,380.3,66354.0,3976407.5,87.45549999999999,34.501615384615384,1.2335843963066413,16.900000000000002,1035818839.0
Los Angeles,2020,3,383.87,65822.0,3974842.75,95.60816666666666,25.919469696969696,1.2335843963066413,14.4,1035818839.0
Los Angeles,2020,4,391.61,65290.0,3973278.0,97.22746666666667,25.491666666666667,1.2335843963066413,9.833333333333334,1035818839.0
Los Angeles,2021,1,401.66,66560.5,3942285.0,97.50453333333333,23.198671875,4.697859,9.833333333333334,1136155497.0
Los Angeles,2021,2,422.54,67831.0,3911292.0,99.05556666666666,17.983846153846155,4.697859,9.133333333333333,1136155497.0
Los Angeles,2021,3,442.82,69101.5,3880299.0,99.70116666666667,18.233636363636364,4.697859,8.0,1136155497.0
Los Angeles,2021,4,458.89,70372.0,3849306.0,100.93913333333334,19.31863636363636,4.697859,6.0,1136155497.0
Los Angeles,2022,1,477.82,71812.75,3842535.5,101.91120000000001,25.34984375,8.0028,5.366666666666667,1235919800.0
Los Angeles,2022,2,507.87,73253.5,3835765.0,102.8969,27.32207692307692,8.0028,4.366666666666666,1235919800.0
Los Angeles,2022,3,506.38,74694.25,3828994.5,103.25113333333333,24.792727272727273,8.0028,4.333333333333333,1235919800.0
Los Angeles,2022,4,496.39,76135.0,3822224.0,102.7922,24.945076923076925,8.0028,4.166666666666667,1235919800.0
Los Angeles,2023,1,494.8,,,102.7874,20.70869230769231,4.128,4.566666666666666,
Los Angeles,2023,2,506.32,,,102.86196666666667,16.47576923076923,4.128,4.333333333333333,
Los Angeles,2023,3,513.95,,,103.15846666666665,15.01323076923077,4.128,5.066666666666666,
Los Angeles,2023,4,520.15,,,102.6986,15.25123076923077,4.128,4.733333333333333,
Los Angeles,2024,1,528.24,,,102.24276666666667,13.693,2.9495110725289693,5.033333333333334,
Los Angeles,2024,2,537.17,,,102.8633,13.980307692307692,2.9495110725289693,5.033333333333333,
Los Angeles,2024,3,546.54,,,102.71139999999998,17.066666666666666,2.9495110725289693,5.933333333333334,
Los Angeles,2024,4,549.27,,,102.40293333333334,17.31984848484848,2.9495110725289693,5.3999999999999995,
Los Angeles,2025,1,553.22,,,103.46266666666668,18.50734375,,5.3,
Los Angeles,2025,2,557.97,,,103.8439,23.687153846153844,,5.133333333333333,
New York,1990,1,106.91,38909.0,7323000.0,62.1073,22.1684375,5.397953510284424,5.133333333333333,905117458.5021334
New York,1990,2,104.73,38909.0,7323000.0,62.54476666666667,18.735384615384614,5.397953510284424,5.0,908434200.0943556
New York,1990,3,103.75,38909.0,7323000.0,62.79926666666666,25.13446153846154,5.397953510284424,5.266666666666667,910526481.5288758
New York,1990,4,101.45,38909.0,7323000.0,61.83443333333333,26.005909090909093,5.397953510284424,5.933333333333334,910132127.8014829
New York,1991,1,100.92,38893.6,7322750.0,60.673399999999994,22.42734375,4.2349629402160645,6.7,911244747.1216531
New York,1991,2,100.79,38878.2,7322500.0,61.020833333333336,17.120923076923077,4.2349629402160645,7.3,914683267.2327137
New York,1991,3,100.26,38862.8,7322250.0,61.8953,16.651742424242425,4.2349629402160645,7.433333333333334,917642888.5526063
New York,1991,4,100.38,38847.4,7322000.0,62.0224,17.465833333333332,4.2349629402160645,7.8,919824968.746891
New York,1992,1,101.56,38832.0,7317500.0,61.94726666666667,17.589307692307692,3.028822660446167,8.433333333333334,922781761.6925321
New York,1992,2,100.87,38816.6,7313000.0,63.069700000000005,15.593,3.028822660446167,8.799999999999999,926084141.1320133
New York,1992,3,101.4,38801.2,7308500.0,63.56613333333333,13.90030303030303,3.028822660446167,8.933333333333334,928938993.8480172
New York,1992,4,101.89,38785.8,7304000.0,64.2135,14.684015151515151,3.028822660446167,8.700000000000001,932488285.8928905
New York,1993,1,101.49,38770.4,7304250.0,64.8008,13.263515625,2.951657295227051,8.266666666666667,934379978.8322318
New York,1993,2,102.02,38755.0,7304500.0,64.93016666666666,12.973230769230769,2.951657295227051,7.933333333333334,937442389.2225182
New York,1993,3,102.39,38739.6,7304750.0,65.17706666666668,12.123181818181818,2.951657295227051,7.833333333333333,940264723.5354807
New York,1993,4,102.75,38724.2,7305000.0,66.19523333333333,12.397121212121213,2.951657295227051,7.766666666666667,945308207.8370466
New York,1994,1,102.6,38708.8,7314000.0,67.01046666666667,13.44671875,2.6074390411376953,7.533333333333334,950752297.9480891
New York,1994,2,102.06,38693.4,7323000.0,68.23423333333334,14.59776923076923,2.6074390411376953,7.133333333333333,957311691.6520135
New York,1994,3,101.5,38678.0,7332000.0,69.10446666666667,12.53371212121212,2.6074390411376953,6.7,962080864.5198917
New York,1994,4,99.44,38662.6,7341000.0,70.50456666666666,15.258461538461537,2.6074390411376953,6.333333333333333,968371886.5164332
New York,1995,1,100.0,38647.2,7343250.0,71.23963333333333,12.017307692307693,2.805418014526367,6.166666666666667,971309963.1370065
New York,1995,2,101.52,38631.8,7345500.0,71.46206666666667,12.188538461538462,2.805418014526367,6.333333333333333,973933065.7171996
New York,1995,3,102.83,38616.4,7347750.0,72.15333333333334,12.447461538461539,2.805418014526367,6.433333333333334,978205290.7902558
New York,1995,4,102.89,38601.0,7350000.0,72.73813333333334,12.861846153846153,2.805418014526367,6.366666666666667,981996414.1908777
New York,1996,1,104.6,38585.6,7352750.0,73.23533333333334,15.362,2.9312081336975098,6.3,986118818.6222124
New York,1996,2,104.49,38570.2,7355500.0,74.81196666666666,16.382769230769227,2.9312081336975098,6.266666666666667,992842521.9834466
New York,1996,3,103.78,38554.8,7358250.0,75.78656666666667,16.768333333333334,2.9312081336975098,6.133333333333333,997066942.6058414
New York,1996,4,104.03,38539.4,7361000.0,76.83006666666667,17.225530303030304,2.9312081336975098,6.266666666666667,1002422998.5270588
New York,1997,1,104.65,38524.0,7366500.0,78.28623333333333,19.942265625,2.3376882076263428,6.533333333333334,1007292081.7525635
New York,1997,2,105.7,38508.6,7372000.0,79.40383333333334,19.904461538461536,2.3376882076263428,6.566666666666666,1014185005.1704843
New York,1997,3,106.89,38493.2,7377500.0,81.2606,22.418181818181818,2.3376882076263428,6.3999999999999995,1020615627.3681581
New York,1997,4,108.07,38477.8,7383000.0,83.32553333333334,27.166212121212123,2.3376882076263428,6.166666666666667,1025492306.7359605
New York,1998,1,110.12,38462.4,7388250.0,84.26833333333333,21.351015625,1.5522807836532593,5.8999999999999995,1030229913.0960934
New York,1998,2,111.43,38447.0,7393500.0,84.83383333333333,21.528153846153845,1.5522807836532593,5.6000000000000005,1035068016.4188266
New York,1998,3,113.08,38431.6,7398750.0,85.47613333333334,29.74037878787879,1.5522807836532593,5.466666666666666,1041735992.4404008
New York,1998,4,114.13,38416.2,7404000.0,86.65466666666667,29.3180303030303,1.5522807836532593,5.366666666666667,1049220401.8361478
New York,1999,1,116.43,38400.8,7410000.0,87.61966666666666,27.2915625,2.1880264282226562,5.3,1054739272.3389142
New York,1999,2,118.63,38385.4,7416000.0,88.44893333333334,24.385384615384616,2.1880264282226562,5.3,1060138009.8512402
New York,1999,3,123.34,38370.0,7422000.0,89.24696666666667,23.248863636363637,2.1880264282226562,5.233333333333333,1067279606.2523849
New York,1999,4,125.84,38354.6,7428000.0,90.83403333333332,22.62909090909091,2.1880264282226562,4.8999999999999995,1076439003.9128194
New York,2000,1,129.67,38339.2,7574750.0,91.7389,23.15353846153846,3.3768539428710938,4.633333333333333,1105967336.2293835
New York,2000,2,133.6,38323.8,7721500.0,92.86746666666666,24.936384615384615,3.3768539428710938,4.533333333333333,1140947078.0467117
New York,2000,3,137.86,38308.4,7868250.0,92.80366666666667,19.181846153846152,3.3768539428710938,4.5,1169276549.2051175
New York,2000,4,140.26,38293.0,8015000.0,92.5487,26.06223076923077,3.3768539428710938,4.333333333333333,1199396203.218858
New York,2001,1,143.96,38554.25,8022250.0,91.41146666666667,25.71976923076923,2.826171636581421,4.2,942382232.0
New York,2001,2,147.38,38815.5,8029500.0,90.26006666666666,23.919923076923077,2.826171636581421,4.433333333333334,942382232.0
New York,2001,3,152.01,39076.75,8036750.0,89.02236666666666,25.99276923076923,2.826171636581421,5.033333333333333,942382232.0
New York,2001,4,155.01,39338.0,8044000.0,88.04763333333334,27.763863636363634,2.826171636581421,5.8,942382232.0
New York,2002,1,159.37,39599.25,8043500.0,88.68256666666666,21.397421875,1.5860344171524048,6.266666666666667,953601010.0
New York,2002,2,165.11,39860.5,8043000.0,90.05303333333332,21.611769230769234,1.5860344171524048,6.266666666666667,953601010.0
New York,2002,3,170.61,40121.75,8042500.0,90.61046666666668,34.98409090909091,1.5860344171524048,6.099999999999999,953601010.0
New York,2002,4,174.23,40383.0,8042000.0,90.56136666666667,30.618409090909093,1.5860344171524048,6.166666666666667,953601010.0
New York,2003,1,177.82,40644.25,8037250.0,91.12933333333335,29.951484375,2.270094156265259,6.333333333333333,976093849.0
New York,2003,2,181.4,40905.5,8032500.0,90.45023333333334,21.50423076923077,2.270094156265259,6.433333333333334,976093849.0
New York,2003,3,184.73,41166.75,8027750.0,91.05403333333334,19.318787878787877,2.270094156265259,6.5,976093849.0
New York,2003,4,194.23,41428.0,8023000.0,91.93486666666666,17.40409090909091,2.270094156265259,6.400000000000001,976093849.0
New York,2004,1,198.72,41689.25,8013250.0,92.5877,16.640923076923077,2.6772384643554688,6.266666666666667,1025713129.0
New York,2004,2,205.5,41950.5,8003500.0,93.1151,16.19969230769231,2.6772384643554688,6.033333333333334,1025713129.0
New York,2004,3,219.11,42211.75,7993750.0,93.63853333333333,15.423560606060606,2.6772384643554688,5.633333333333333,1025713129.0
New York,2004,4,224.25,42473.0,7984000.0,94.97083333333335,13.608030303030302,2.6772384643554688,5.3,1025713129.0
New York,2005,1,231.04,42734.25,7973000.0,96.29463333333332,12.784453125,3.39274525642395,5.066666666666666,1084201028.0
New York,2005,2,241.43,42995.5,7962000.0,96.83603333333333,13.39676923076923,3.39274525642395,4.9,1084201028.0
New York,2005,3,250.61,43256.75,7951000.0,96.42483333333332,12.255151515151516,3.39274525642395,4.966666666666667,1084201028.0
New York,2005,4,258.16,43518.0,7940000.0,97.305,12.724461538461538,3.39274525642395,4.866666666666667,1084201028.0
New York,2006,1,263.81,43779.25,7931000.0,98.229,12.031,3.2259416580200195,4.733333333333333,1152358722.0
New York,2006,2,266.04,44040.5,7922000.0,98.80993333333333,14.526923076923078,3.2259416580200195,4.6,1152358722.0
New York,2006,3,267.93,44301.75,7913000.0,99.20146666666666,13.587615384615386,3.2259416580200195,4.433333333333334,1152358722.0
New York,2006,4,269.92,44563.0,7904000.0,99.4439,11.029923076923078,3.2259416580200195,4.233333333333333,1152358722.0
New York,2007,1,270.99,44824.25,7905250.0,100.45546666666667,12.470076923076922,2.8526782989501953,4.2,1199919778.0
New York,2007,2,270.4,45085.5,7906500.0,101.61796666666667,13.718923076923078,2.8526782989501953,4.3,1199919778.0
New York,2007,3,267.2,45346.75,7907750.0,101.7108,21.513846153846156,2.8526782989501953,4.533333333333333,1199919778.0
New York,2007,4,266.53,45608.0,7909000.0,102.0459,22.04189393939394,2.8526782989501953,4.666666666666667,1199919778.0
New York,2008,1,266.04,45869.25,7918250.0,101.7919,26.10369230769231,3.8391003608703613,4.733333333333333,1194006100.0
New York,2008,2,259.39,46130.5,7927500.0,100.25393333333334,20.656384615384614,3.8391003608703613,5.0,1194006100.0
New York,2008,3,251.01,46391.75,7936750.0,96.94203333333333,25.019772727272727,3.8391003608703613,5.5,1194006100.0
New York,2008,4,248.44,46653.0,7946000.0,92.7956,58.33143939393939,3.8391003608703613,6.333333333333333,1194006100.0
New York,2009,1,248.68,46914.25,7957250.0,87.56103333333334,45.02765625,-0.35554906725883484,7.5,1226135985.0
New York,2009,2,242.24,47175.5,7968500.0,85.13616666666667,33.05823076923077,-0.35554906725883484,8.366666666666667,1226135985.0
New York,2009,3,235.71,47436.75,7979750.0,86.5689,25.530833333333334,-0.35554906725883484,8.700000000000001,1226135985.0
New York,2009,4,233.79,47698.0,7991000.0,87.92003333333332,23.01462121212121,-0.35554906725883484,8.966666666666667,1226135985.0
New York,2010,1,232.18,47959.25,8039474.75,89.60996666666666,20.159765625,1.6400398015975952,8.966666666666667,1285659380.0
New York,2010,2,230.81,48220.5,8087949.5,91.35513333333334,26.36476923076923,1.6400398015975952,8.799999999999999,1285659380.0
New York,2010,3,232.12,48481.75,8136424.25,92.56726666666667,24.342272727272725,1.6400398015975952,8.633333333333333,1285659380.0
New York,2010,4,232.49,48743.0,8184899.0,92.9545,19.30818181818182,1.6400398015975952,8.533333333333333,1285659380.0
New York,2011,1,229.3,48922.5,8199901.75,93.45393333333334,18.56875,3.156846523284912,8.299999999999999,1313269386.0
New York,2011,2,225.78,49102.0,8214904.5,93.82623333333333,17.420538461538463,3.156846523284912,8.233333333333333,1313269386.0
New York,2011,3,224.77,49281.5,8229907.25,94.87253333333332,30.43598484848485,3.156846523284912,8.366666666666667,1313269386.0
New York,2011,4,225.55,49461.0,8244910.0,95.84926666666667,29.87284615384615,3.156846523284912,8.533333333333333,1313269386.0
New York,2012,1,224.25,49819.5,8267856.75,96.79553333333332,18.328846153846154,2.0693306922912598,8.666666666666666,1400034812.0
New York,2012,2,221.63,50178.0,8290803.5,97.39576666666666,20.021538461538462,2.0693306922912598,8.8,1400034812.0
New York,2012,3,222.71,50536.5,8313750.25,97.38883333333332,16.229923076923075,2.0693306922912598,8.700000000000001,1400034812.0
New York,2012,4,223.34,50895.0,8336697.0,97.87596666666667,16.802651515151513,2.0693306922912598,8.433333333333334,1400034812.0
New York,2013,1,223.89,51227.0,8353982.0,98.62133333333333,13.5303125,1.4648375511169434,8.200000000000001,1447460676.0
New York,2013,2,224.23,51559.0,8371267.0,99.06830000000001,14.82776923076923,1.4648375511169434,7.966666666666666,1447460676.0
New York,2013,3,225.58,51891.0,8388552.0,99.4698,14.33719696969697,1.4648375511169434,7.8,1447460676.0
New York,2013,4,226.26,52223.0,8405837.0,100.1453,14.191590909090909,1.4648375511169434,7.3,1447460676.0
New York,2014,1,227.53,52416.25,8427147.5,100.82683333333334,14.76421875,1.6222240924835205,6.833333333333333,1514427108.0
New York,2014,2,230.17,52609.5,8448458.0,102.21463333333332,12.726923076923077,1.6222240924835205,6.433333333333334,1514427108.0
New York,2014,3,233.33,52802.75,8469768.5,102.78976666666667,13.02409090909091,1.6222240924835205,6.1000000000000005,1514427108.0
New York,2014,4,235.62,52996.0,8491079.0,103.39133333333332,15.996439393939395,1.6222240924835205,5.8,1514427108.0
New York,2015,1,238.34,53685.0,8505910.5,102.2386,16.63453125,0.11862505227327347,5.633333333333333,1583923091.0
New York,2015,2,240.01,54374.0,8520742.0,100.81726666666667,13.745076923076924,0.11862505227327347,5.3999999999999995,1583923091.0
New York,2015,3,243.35,55063.0,8535573.5,100.8796,19.37757575757576,0.11862505227327347,5.0,1583923091.0
New York,2015,4,244.75,55752.0,8550405.0,99.51333333333334,16.994090909090907,0.11862505227327347,4.833333333333333,1583923091.0
New York,2016,1,246.79,56528.0,8547222.0,98.84193333333333,20.544538461538462,1.2615814208984375,4.8,1646207409.0
New York,2016,2,250.47,57304.0,8544039.0,98.48796666666668,15.644846153846153,1.2615814208984375,4.833333333333333,1646207409.0
New York,2016,3,253.71,58080.0,8540856.0,98.74770000000001,13.244621212121212,1.2615814208984375,4.966666666666667,1646207409.0
New York,2016,4,256.36,58856.0,8537673.0,98.70286666666668,14.034923076923077,1.2615814208984375,4.8999999999999995,1646207409.0
New York,2017,1,258.18,59361.75,8558929.25,98.76686666666666,11.714230769230769,2.136,4.633333333333333,1714074302.0
New York,2017,2,262.71,59867.5,8580185.5,100.16886666666666,11.465615384615385,2.136,4.6,1714074302.0
New York,2017,3,266.12,60373.25,8601441.75,99.82233333333333,10.950999999999999,2.136,4.7,1714074302.0
New York,2017,4,268.61,60879.0,8622698.0,101.2419,10.296153846153846,2.136,4.633333333333333,1714074302.0
New York,2018,1,272.25,61609.0,8566710.5,101.80380000000001,17.258153846153846,2.44,4.3999999999999995,1812674554.0
New York,2018,2,274.1,62339.0,8510723.0,102.98723333333334,15.334153846153846,2.44,4.1000000000000005,1812674554.0
New York,2018,3,276.66,63069.0,8454735.5,103.83946666666667,12.900692307692307,2.44,3.9,1812674554.0
New York,2018,4,276.28,63799.0,8398748.0,103.99579999999999,21.238560606060606,2.44,4.0,1812674554.0
New York,2019,1,278.78,65201.0,8383265.25,103.007,16.612265625,1.812000036239624,3.9333333333333336,1885803342.0
New York,2019,2,281.94,66603.0,8367782.5,102.41163333333333,15.160923076923078,1.812000036239624,3.7999999999999994,1885803342.0
New York,2019,3,285.39,68005.0,8352299.75,102.41573333333334,15.965075757575757,1.812000036239624,3.8666666666666667,1885803342.0
New York,2019,4,287.7,69407.0,8336817.0,101.8931,13.93840909090909,1.812000036239624,3.966666666666667,1885803342.0
New York,2020,1,289.77,68816.75,8347500.75,100.205,30.396538461538462,1.2335843963066413,4.166666666666667,1861308341.0
New York,2020,2,290.89,68226.5,8358184.5,87.45549999999999,34.501615384615384,1.2335843963066413,15.333333333333334,1861308341.0
New York,2020,3,294.65,67636.25,8368868.25,95.60816666666666,25.919469696969696,1.2335843963066413,11.200000000000001,1861308341.0
New York,2020,4,299.81,67046.0,8379552.0,97.22746666666667,25.491666666666667,1.2335843963066413,8.933333333333332,1861308341.0
New York,2021,1,305.2,67283.75,8401542.25,97.50453333333333,23.198671875,4.697859,8.366666666666667,2025175463.0
New York,2021,2,313.35,67521.5,8423532.5,99.05556666666666,17.983846153846155,4.697859,7.633333333333333,2025175463.0
New York,2021,3,326.24,67759.25,8445522.75,99.70116666666667,18.233636363636364,4.697859,6.7,2025175463.0
New York,2021,4,333.71,67997.0,8467513.0,100.93913333333334,19.31863636363636,4.697859,5.633333333333333,2025175463.0
New York,2022,1,340.14,69671.25,8434609.0,101.91120000000001,25.34984375,8.0028,4.866666666666666,2171527782.0
New York,2022,2,357.9,71345.5,8401705.0,102.8969,27.32207692307692,8.0028,4.333333333333333,2171527782.0
New York,2022,3,360.75,73019.75,8368801.0,103.25113333333333,24.792727272727273,8.0028,3.9,2171527782.0
New York,2022,4,358.74,74694.0,8335897.0,102.7922,24.945076923076925,8.0028,4.066666666666666,2171527782.0
New York,2023,1,359.79,,,102.7874,20.70869230769231,4.128,4.0,
New York,2023,2,371.09,,,102.86196666666667,16.47576923076923,4.128,3.9,
New York,2023,3,377.06,,,103.15846666666665,15.01323076923077,4.128,4.066666666666666,
New York,2023,4,382.85,,,102.6986,15.25123076923077,4.128,4.2,
New York,2024,1,388.2,,,102.24276666666667,13.693,2.9495110725289693,4.166666666666667,
New York,2024,2,403.45,,,102.8633,13.980307692307692,2.9495110725289693,4.266666666666667,
New York,2024,3,409.36,,,102.71139999999998,17.066666666666666,2.9495110725289693,4.4,
New York,2024,4,413.42,,,102.40293333333334,17.31984848484848,2.9495110725289693,4.4,
New York,2025,1,419.38,,,103.46266666666668,18.50734375,,4.3,
New York,2025,2,432.63,,,103.8439,23.687153846153844,,4.066666666666666,
Phoenix,1990,1,88.73,28327.0,1449481.0,62.1073,22.1684375,5.397953510284424,4.3999999999999995,-121654508.63687766
Phoenix,1990,2,87.62,28327.0,1449481.0,62.54476666666667,18.735384615384614,5.397953510284424,4.3999999999999995,-118337767.04465532
Phoenix,1990,3,87.29,28327.0,1449481.0,62.79926666666666,25.13446153846154,5.397953510284424,4.533333333333334,-116245485.6101352
Phoenix,1990,4,86.09,28327.0,1449481.0,61.83443333333333,26.005909090909093,5.397953510284424,4.066666666666666,-116639839.33752817
Phoenix,1991,1,87.3,28649.0,1449481.0,60.673399999999994,22.42734375,4.2349629402160645,4.266666666666667,-115483516.5762378
Phoenix,1991,2,87.74,28971.0,1449481.0,61.020833333333336,17.120923076923077,4.2349629402160645,4.5,-112001293.02405679
Phoenix,1991,3,87.48,29293.0,1449481.0,61.8953,16.651742424242425,4.2349629402160645,5.566666666666666,-108997968.26304388
Phoenix,1991,4,90.28,29615.0,1449481.0,62.0224,17.465833333333332,4.2349629402160645,6.1000000000000005,-106772184.62763906
Phoenix,1992,1,90.43,29937.0,1449481.0,61.94726666666667,17.589307692307692,3.028822660446167,7.133333333333333,-103028729.741835
Phoenix,1992,2,90.2,30259.0,1449481.0,63.069700000000005,15.593,3.028822660446167,6.533333333333334,-98939688.36219025
Phoenix,1992,3,91.03,30581.0,1449481.0,63.56613333333333,13.90030303030303,3.028822660446167,6.566666666666666,-95298173.70602334
Phoenix,1992,4,91.49,30903.0,1449481.0,64.2135,14.684015151515151,3.028822660446167,6.033333333333334,-90962219.72098684
Phoenix,1993,1,91.21,31225.0,1449481.0,64.8008,13.263515625,2.951657295227051,5.766666666666667,-89114230.22276568
Phoenix,1993,2,92.27,31547.0,1449481.0,64.93016666666666,12.973230769230769,2.951657295227051,4.933333333333334,-86095523.27359957
Phoenix,1993,3,92.87,31869.0,1449481.0,65.17706666666668,12.123181818181818,2.951657295227051,4.933333333333334,-83316892.40175712
Phoenix,1993,4,94.01,32191.0,1449481.0,66.19523333333333,12.397121212121213,2.951657295227051,4.633333333333333,-78317111.54131138
Phoenix,1994,1,94.95,32513.0,1449481.0,67.01046666666667,13.44671875,2.6074390411376953,5.0,-74446345.3105954
Phoenix,1994,2,95.92,32835.0,1449481.0,68.23423333333334,14.59776923076923,2.6074390411376953,4.533333333333333,-69460275.48699737
Phoenix,1994,3,97.5,33157.0,1449481.0,69.10446666666667,12.53371212121212,2.6074390411376953,4.866666666666667,-66264426.49944544
Phoenix,1994,4,98.9,33479.0,1449481.0,70.50456666666666,15.258461538461537,2.6074390411376953,4.1000000000000005,-61546728.38323045
Phoenix,1995,1,100.0,33801.0,1449481.0,71.23963333333333,12.017307692307693,2.805418014526367,3.8333333333333335,-59001982.73273873
Phoenix,1995,2,101.77,34123.0,1449481.0,71.46206666666667,12.188538461538462,2.805418014526367,3.6,-56772211.1226275
Phoenix,1995,3,103.89,34445.0,1449481.0,72.15333333333334,12.447461538461539,2.805418014526367,3.766666666666667,-52893317.01965284
Phoenix,1995,4,105.18,34767.0,1449481.0,72.73813333333334,12.861846153846153,2.805418014526367,3.3333333333333335,-49495524.58911252
Phoenix,1996,1,107.17,35089.0,1449481.0,73.23533333333334,15.362,2.9312081336975098,3.6999999999999997,-45853858.01009965
Phoenix,1996,2,107.64,35411.0,1449481.0,74.81196666666666,16.382769230769227,2.9312081336975098,3.6333333333333333,-39610892.50118768
Phoenix,1996,3,109.05,35733.0,1449481.0,75.78656666666667,16.768333333333334,2.9312081336975098,4.033333333333333,-35867209.731114626
Phoenix,1996,4,110.15,36055.0,1449481.0,76.83006666666667,17.225530303030304,2.9312081336975098,3.5,-30991891.662219286
Phoenix,1997,1,111.56,36377.0,1449481.0,78.28623333333333,19.942265625,2.3376882076263428,3.533333333333333,-27084284.141358614
Phoenix,1997,2,112.53,36699.0,1449481.0,79.40383333333334,19.904461538461536,2.3376882076263428,2.966666666666667,-21152836.428081512
Phoenix,1997,3,114.47,37021.0,1449481.0,81.2606,22.418181818181818,2.3376882076263428,3.0,-15683689.93505168
Phoenix,1997,4,116.4,37343.0,1449481.0,83.32553333333334,27.166212121212123,2.3376882076263428,2.6999999999999997,-11768486.271893263
Phoenix,1998,1,118.14,37665.0,1449481.0,84.26833333333333,21.351015625,1.5522807836532593,2.9,-7948652.175284386
Phoenix,1998,2,119.42,37987.0,1449481.0,84.83383333333333,21.528153846153845,1.5522807836532593,2.5,-4028321.1160748005
Phoenix,1998,3,121.27,38309.0,1449481.0,85.47613333333334,29.74037878787879,1.5522807836532593,2.966666666666667,1721882.6419756413
Phoenix,1998,4,122.74,38631.0,1449481.0,86.65466666666667,29.3180303030303,1.5522807836532593,2.8333333333333335,8288519.774199009
Phoenix,1999,1,124.4,38953.0,1449481.0,87.61966666666666,27.2915625,2.1880264282226562,3.266666666666667,12758507.69008112
Phoenix,1999,2,126.62,39275.0,1449481.0,88.44893333333334,24.385384615384616,2.1880264282226562,3.1666666666666665,17108362.615522504
Phoenix,1999,3,128.9,39597.0,1449481.0,89.24696666666667,23.248863636363637,2.1880264282226562,3.1666666666666665,23201076.429783106
Phoenix,1999,4,130.43,39919.0,1449481.0,90.83403333333332,22.62909090909091,2.1880264282226562,2.8333333333333335,31311591.50333321
Phoenix,2000,1,133.83,40241.0,1449481.0,91.7389,23.15353846153846,3.3768539428710938,3.466666666666667,35186003.88235223
Phoenix,2000,2,135.34,40563.0,1449481.0,92.86746666666666,24.936384615384615,3.3768539428710938,3.1666666666666665,44511825.762135506
Phoenix,2000,3,137.26,40885.0,1449481.0,92.80366666666667,19.181846153846152,3.3768539428710938,3.5,47187376.982996225
Phoenix,2000,4,139.32,41207.0,1449481.0,92.5487,26.06223076923077,3.3768539428710938,3.0666666666666664,51653111.059191465
Phoenix,2001,1,142.45,41233.325,1449481.0,91.41146666666667,25.71976923076923,2.826171636581421,3.533333333333333,125033630.0
Phoenix,2001,2,144.62,41259.65,1449481.0,90.26006666666666,23.919923076923077,2.826171636581421,3.633333333333333,125033630.0
Phoenix,2001,3,146.9,41285.975,1449481.0,89.02236666666666,25.99276923076923,2.826171636581421,4.5,125033630.0
Phoenix,2001,4,148.08,41312.3,1449481.0,88.04763333333334,27.763863636363634,2.826171636581421,5.133333333333333,125033630.0
Phoenix,2002,1,150.08,41338.625,1449481.0,88.68256666666666,21.397421875,1.5860344171524048,5.8,131026299.0
Phoenix,2002,2,151.93,41364.95,1449481.0,90.05303333333332,21.611769230769234,1.5860344171524048,5.8,131026299.0
Phoenix,2002,3,154.17,41391.275,1449481.0,90.61046666666668,34.98409090909091,1.5860344171524048,5.833333333333333,131026299.0
Phoenix,2002,4,155.67,41417.6,1449481.0,90.56136666666667,30.618409090909093,1.5860344171524048,5.533333333333334,131026299.0
Phoenix,2003,1,157.36,41443.925,1449481.0,91.12933333333335,29.951484375,2.270094156265259,5.566666666666666,140995929.0
Phoenix,2003,2,158.87,41470.25,1449481.0,90.45023333333334,21.50423076923077,2.270094156265259,5.3999999999999995,140995929.0
Phoenix,2003,3,160.83,41496.575,1449481.0,91.05403333333334,19.318787878787877,2.270094156265259,5.533333333333334,140995929.0
Phoenix,2003,4,165.7,41522.9,1449481.0,91.93486666666666,17.40409090909091,2.270094156265259,4.733333333333333,140995929.0
Phoenix,2004,1,168.37,41549.225,1449481.0,92.5877,16.640923076923077,2.6772384643554688,4.933333333333334,151511597.0
Phoenix,2004,2,173.88,41575.55,1449481.0,93.1151,16.19969230769231,2.6772384643554688,4.5,151511597.0
Phoenix,2004,3,184.11,41601.875,1449481.0,93.63853333333333,15.423560606060606,2.6772384643554688,4.433333333333334,151511597.0
Phoenix,2004,4,192.19,41628.2,1449481.0,94.97083333333335,13.608030303030302,2.6772384643554688,3.9,151511597.0
Phoenix,2005,1,205.52,41654.525,1449481.0,96.29463333333332,12.784453125,3.39274525642395,4.133333333333333,167269455.0
Phoenix,2005,2,229.72,41680.85,1449481.0,96.83603333333333,13.39676923076923,3.39274525642395,4.033333333333333,167269455.0
Phoenix,2005,3,251.84,41707.175,1449481.0,96.42483333333332,12.255151515151516,3.39274525642395,4.266666666666667,167269455.0
Phoenix,2005,4,271.97,41733.5,1449481.0,97.305,12.724461538461538,3.39274525642395,3.9,167269455.0
Phoenix,2006,1,282.96,41759.825,1449481.0,98.229,12.031,3.2259416580200195,3.8333333333333335,181069542.0
Phoenix,2006,2,287.71,41786.15,1449481.0,98.80993333333333,14.526923076923078,3.2259416580200195,3.6666666666666665,181069542.0
Phoenix,2006,3,290.52,41812.475,1449481.0,99.20146666666666,13.587615384615386,3.2259416580200195,3.8666666666666667,181069542.0
Phoenix,2006,4,292.48,41838.8,1449481.0,99.4439,11.029923076923078,3.2259416580200195,3.4,181069542.0
Phoenix,2007,1,290.34,41865.125,1449481.0,100.45546666666667,12.470076923076922,2.8526782989501953,3.3666666666666667,191237759.0
Phoenix,2007,2,287.68,41891.45,1449481.0,101.61796666666667,13.718923076923078,2.8526782989501953,2.9333333333333336,191237759.0
Phoenix,2007,3,281.38,41917.775,1449481.0,101.7108,21.513846153846156,2.8526782989501953,3.1666666666666665,191237759.0
Phoenix,2007,4,274.7,41944.1,1449481.0,102.0459,22.04189393939394,2.8526782989501953,3.4,191237759.0
Phoenix,2008,1,262.72,41970.425,1449481.0,101.7919,26.10369230769231,3.8391003608703613,3.8333333333333335,189458637.0
Phoenix,2008,2,244.18,41996.75,1449481.0,100.25393333333334,20.656384615384614,3.8391003608703613,4.3999999999999995,189458637.0
Phoenix,2008,3,221.91,42023.075,1449481.0,96.94203333333333,25.019772727272727,3.8391003608703613,5.833333333333333,189458637.0
Phoenix,2008,4,210.6,42049.4,1449481.0,92.7956,58.33143939393939,3.8391003608703613,6.5,189458637.0
Phoenix,2009,1,209.54,42075.725,1449481.0,87.56103333333334,45.02765625,-0.35554906725883484,8.1,175723217.0
Phoenix,2009,2,190.99,42102.05,1449481.0,85.13616666666667,33.05823076923077,-0.35554906725883484,8.799999999999999,175723217.0
Phoenix,2009,3,179.6,42128.375,1449481.0,86.5689,25.530833333333334,-0.35554906725883484,9.8,175723217.0
Phoenix,2009,4,175.04,42154.7,1449481.0,87.92003333333332,23.01462121212121,-0.35554906725883484,9.666666666666666,175723217.0
Phoenix,2010,1,170.78,42181.025,1449481.0,89.60996666666666,20.159765625,1.6400398015975952,10.033333333333333,178046574.0
Phoenix,2010,2,164.23,42207.35,1449481.0,91.35513333333334,26.36476923076923,1.6400398015975952,9.533333333333333,178046574.0
Phoenix,2010,3,164.73,42233.675,1449481.0,92.56726666666667,24.342272727272725,1.6400398015975952,9.766666666666667,178046574.0
Phoenix,2010,4,159.74,42260.0,1449481.0,92.9545,19.30818181818182,1.6400398015975952,9.1,178046574.0
Phoenix,2011,1,150.39,42685.0,1454481.75,93.45393333333334,18.56875,3.156846523284912,9.0,186346486.0
Phoenix,2011,2,142.92,43110.0,1459482.5,93.82623333333333,17.420538461538463,3.156846523284912,8.633333333333333,186346486.0
Phoenix,2011,3,145.22,43535.0,1464483.25,94.87253333333332,30.43598484848485,3.156846523284912,8.933333333333334,186346486.0
Phoenix,2011,4,149.08,43960.0,1469484.0,95.84926666666667,29.87284615384615,3.156846523284912,8.0,186346486.0
Phoenix,2012,1,149.99,44008.25,1474302.75,96.79553333333332,18.328846153846154,2.0693306922912598,7.7,197049992.0
Phoenix,2012,2,154.07,44056.5,1479121.5,97.39576666666666,20.021538461538462,2.0693306922912598,7.3999999999999995,197049992.0
Phoenix,2012,3,161.86,44104.75,1483940.25,97.38883333333332,16.229923076923075,2.0693306922912598,7.666666666666667,197049992.0
Phoenix,2012,4,168.09,44153.0,1488759.0,97.87596666666667,16.802651515151513,2.0693306922912598,6.8999999999999995,197049992.0
Phoenix,2013,1,174.11,44765.0,1494906.75,98.62133333333333,13.5303125,1.4648375511169434,7.0,201768215.0
Phoenix,2013,2,183.97,45377.0,1501054.5,99.06830000000001,14.82776923076923,1.4648375511169434,6.8,201768215.0
Phoenix,2013,3,191.4,45989.0,1507202.25,99.4698,14.33719696969697,1.4648375511169434,7.066666666666666,201768215.0
Phoenix,2013,4,197.86,46601.0,1513350.0,100.1453,14.191590909090909,1.4648375511169434,6.233333333333333,201768215.0
Phoenix,2014,1,201.87,46933.0,1519273.75,100.82683333333334,14.76421875,1.6222240924835205,6.166666666666667,208994369.0
Phoenix,2014,2,206.36,47265.0,1525197.5,102.21463333333332,12.726923076923077,1.6222240924835205,5.8,208994369.0
Phoenix,2014,3,208.06,47597.0,1531121.25,102.78976666666667,13.02409090909091,1.6222240924835205,6.2,208994369.0
Phoenix,2014,4,211.69,47929.0,1537045.0,103.39133333333332,15.996439393939395,1.6222240924835205,5.533333333333334,208994369.0
Phoenix,2015,1,213.24,48059.75,1543534.0,102.2386,16.63453125,0.11862505227327347,5.366666666666667,220022232.0
Phoenix,2015,2,218.53,48190.5,1550023.0,100.81726666666667,13.745076923076924,0.11862505227327347,5.233333333333333,220022232.0
Phoenix,2015,3,223.99,48321.25,1556512.0,100.8796,19.37757575757576,0.11862505227327347,5.466666666666666,220022232.0
Phoenix,2015,4,227.22,48452.0,1563001.0,99.51333333333334,16.994090909090907,0.11862505227327347,4.933333333333334,220022232.0
Phoenix,2016,1,230.52,49354.5,1576011.0,98.84193333333333,20.544538461538462,1.2615814208984375,4.766666666666667,231625013.0
Phoenix,2016,2,235.58,50257.0,1589021.0,98.48796666666668,15.644846153846153,1.2615814208984375,4.766666666666667,231625013.0
Phoenix,2016,3,240.08,51159.5,1602031.0,98.74770000000001,13.244621212121212,1.2615814208984375,4.8999999999999995,231625013.0
Phoenix,2016,4,244.15,52062.0,1615041.0,98.70286666666668,14.034923076923077,1.2615814208984375,4.3999999999999995,231625013.0
Phoenix,2017,1,247.57,53220.5,1617802.0,98.76686666666666,11.714230769230769,2.136,4.466666666666667,246068032.0
Phoenix,2017,2,254.21,54379.0,1620563.0,100.16886666666666,11.465615384615385,2.136,4.266666666666667,246068032.0
Phoenix,2017,3,259.45,55537.5,1623324.0,99.82233333333333,10.950999999999999,2.136,4.366666666666667,246068032.0
Phoenix,2017,4,263.09,56696.0,1626085.0,101.2419,10.296153846153846,2.136,4.0,246068032.0
Phoenix,2018,1,268.77,57011.25,1634631.75,101.80380000000001,17.258153846153846,2.44,4.2,262723388.0
Phoenix,2018,2,274.7,57326.5,1643178.5,102.98723333333334,15.334153846153846,2.44,4.033333333333333,262723388.0
Phoenix,2018,3,281.53,57641.75,1651725.25,103.83946666666667,12.900692307692307,2.44,4.3,262723388.0
Phoenix,2018,4,284.61,57957.0,1660272.0,103.99579999999999,21.238560606060606,2.44,4.1000000000000005,262723388.0
Phoenix,2019,1,288.3,58700.5,1665451.0,103.007,16.612265625,1.812000036239624,4.333333333333333,281154998.0
Phoenix,2019,2,293.91,59444.0,1670630.0,102.41163333333333,15.160923076923078,1.812000036239624,4.166666666666667,281154998.0
Phoenix,2019,3,298.37,60187.5,1675809.0,102.41573333333334,15.965075757575757,1.812000036239624,4.233333333333333,281154998.0
Phoenix,2019,4,303.73,60931.0,1680988.0,101.8931,13.93840909090909,1.812000036239624,3.8000000000000003,281154998.0
Phoenix,2020,1,310.45,60926.75,1675346.5,100.205,30.396538461538462,1.2335843963066413,4.233333333333333,292186625.0
Phoenix,2020,2,316.31,60922.5,1669705.0,87.45549999999999,34.501615384615384,1.2335843963066413,10.9,292186625.0
Phoenix,2020,3,324.03,60918.25,1664063.5,95.60816666666666,25.919469696969696,1.2335843963066413,7.933333333333334,292186625.0
Phoenix,2020,4,336.15,60914.0,1658422.0,97.22746666666667,25.491666666666667,1.2335843963066413,6.066666666666666,292186625.0
Phoenix,2021,1,351.23,62794.25,1649951.25,97.50453333333333,23.198671875,4.697859,5.766666666666667,329620541.0
Phoenix,2021,2,380.82,64674.5,1641480.5,99.05556666666666,17.983846153846155,4.697859,5.233333333333333,329620541.0
Phoenix,2021,3,413.31,66554.75,1633009.75,99.70116666666667,18.233636363636364,4.697859,4.366666666666666,329620541.0
Phoenix,2021,4,435.76,68435.0,1624539.0,100.93913333333334,19.31863636363636,4.697859,3.0666666666666664,329620541.0
Phoenix,2022,1,457.57,70318.5,1629505.0,101.91120000000001,25.34984375,8.0028,3.1666666666666665,368730163.0
Phoenix,2022,2,495.27,72202.0,1634471.0,102.8969,27.32207692307692,8.0028,3.3333333333333335,368730163.0
Phoenix,2022,3,502.2,74085.5,1639437.0,103.25113333333333,24.792727272727273,8.0028,3.6333333333333333,368730163.0
Phoenix,2022,4,478.18,75969.0,1644403.0,102.7922,24.945076923076925,8.0028,3.1333333333333333,368730163.0
Phoenix,2023,1,471.18,,,102.7874,20.70869230769231,4.128,3.0666666666666664,
Phoenix,2023,2,480.45,,,102.86196666666667,16.47576923076923,4.128,3.233333333333333,
Phoenix,2023,3,492.95,,,103.15846666666665,15.01323076923077,4.128,3.533333333333333,
Phoenix,2023,4,497.22,,,102.6986,15.25123076923077,4.128,3.1,
Phoenix,2024,1,501.38,,,102.24276666666667,13.693,2.9495110725289693,2.9,
Phoenix,2024,2,507.73,,,102.8633,13.980307692307692,2.9495110725289693,3.0,
Phoenix,2024,3,510.95,,,102.71139999999998,17.066666666666666,2.9495110725289693,3.6,
Phoenix,2024,4,513.23,,,102.40293333333334,17.31984848484848,2.9495110725289693,3.266666666666667,
Phoenix,2025,1,511.31,,,103.46266666666668,18.50734375,,3.5666666666666664,
Phoenix,2025,2,516.53,,,103.8439,23.687153846153844,,3.6,
